Condition_Status,Phase,Tg,Tx,Tl,Rc,Dmax,Tg_new,Tx_new,Tl_new,gamma,Trg,delta_Tx,MagpieData minimum Number,MagpieData maximum Number,MagpieData range Number,MagpieData mean Number,MagpieData avg_dev Number,MagpieData mode Number,MagpieData minimum MendeleevNumber,MagpieData maximum MendeleevNumber,MagpieData range MendeleevNumber,MagpieData mean MendeleevNumber,MagpieData avg_dev MendeleevNumber,MagpieData mode MendeleevNumber,MagpieData minimum AtomicWeight,MagpieData maximum AtomicWeight,MagpieData range AtomicWeight,MagpieData mean AtomicWeight,MagpieData avg_dev AtomicWeight,MagpieData mode AtomicWeight,MagpieData minimum MeltingT,MagpieData maximum MeltingT,MagpieData range MeltingT,MagpieData mean MeltingT,MagpieData avg_dev MeltingT,MagpieData mode MeltingT,MagpieData minimum Column,MagpieData maximum Column,MagpieData range Column,MagpieData mean Column,MagpieData avg_dev Column,MagpieData mode Column,MagpieData minimum Row,MagpieData maximum Row,MagpieData range Row,MagpieData mean Row,MagpieData avg_dev Row,MagpieData mode Row,MagpieData minimum CovalentRadius,MagpieData maximum CovalentRadius,MagpieData range CovalentRadius,MagpieData mean CovalentRadius,MagpieData avg_dev CovalentRadius,MagpieData mode CovalentRadius,MagpieData minimum Electronegativity,MagpieData maximum Electronegativity,MagpieData range Electronegativity,MagpieData mean Electronegativity,MagpieData avg_dev Electronegativity,MagpieData mode Electronegativity,MagpieData minimum NsValence,MagpieData range NsValence,MagpieData mean NsValence,MagpieData avg_dev NsValence,MagpieData mode NsValence,MagpieData maximum NpValence,MagpieData range NpValence,MagpieData mean NpValence,MagpieData avg_dev NpValence,MagpieData mode NpValence,MagpieData minimum NdValence,MagpieData maximum NdValence,MagpieData range NdValence,MagpieData mean NdValence,MagpieData avg_dev NdValence,MagpieData mode NdValence,MagpieData maximum NfValence,MagpieData range NfValence,MagpieData mean NfValence,MagpieData avg_dev NfValence,MagpieData mode NfValence,MagpieData minimum NValence,MagpieData maximum NValence,MagpieData range NValence,MagpieData mean NValence,MagpieData avg_dev NValence,MagpieData mode NValence,MagpieData maximum NsUnfilled,MagpieData range NsUnfilled,MagpieData mean NsUnfilled,MagpieData avg_dev NsUnfilled,MagpieData mode NsUnfilled,MagpieData maximum NpUnfilled,MagpieData range NpUnfilled,MagpieData mean NpUnfilled,MagpieData avg_dev NpUnfilled,MagpieData mode NpUnfilled,MagpieData minimum NdUnfilled,MagpieData maximum NdUnfilled,MagpieData range NdUnfilled,MagpieData mean NdUnfilled,MagpieData avg_dev NdUnfilled,MagpieData mode NdUnfilled,MagpieData maximum NfUnfilled,MagpieData range NfUnfilled,MagpieData mean NfUnfilled,MagpieData avg_dev NfUnfilled,MagpieData mode NfUnfilled,MagpieData minimum NUnfilled,MagpieData maximum NUnfilled,MagpieData range NUnfilled,MagpieData mean NUnfilled,MagpieData avg_dev NUnfilled,MagpieData mode NUnfilled,MagpieData minimum GSvolume_pa,MagpieData maximum GSvolume_pa,MagpieData range GSvolume_pa,MagpieData mean GSvolume_pa,MagpieData avg_dev GSvolume_pa,MagpieData mode GSvolume_pa,MagpieData maximum GSbandgap,MagpieData range GSbandgap,MagpieData mean GSbandgap,MagpieData avg_dev GSbandgap,MagpieData mode GSbandgap,MagpieData minimum GSmagmom,MagpieData maximum GSmagmom,MagpieData range GSmagmom,MagpieData mean GSmagmom,MagpieData avg_dev GSmagmom,MagpieData mode GSmagmom,MagpieData minimum SpaceGroupNumber,MagpieData maximum SpaceGroupNumber,MagpieData range SpaceGroupNumber,MagpieData mean SpaceGroupNumber,MagpieData avg_dev SpaceGroupNumber,MagpieData mode SpaceGroupNumber,0-norm,2-norm,3-norm,5-norm,7-norm,10-norm,avg s valence electrons,avg p valence electrons,avg d valence electrons,avg f valence electrons,frac s valence electrons,frac p valence electrons,frac d valence electrons,frac f valence electrons,max ionic char,avg ionic char,mixing_entropy_J_per_molK,VEC,num_elements,max_elem_fraction,min_elem_fraction,weighted_mean_atomic_number,weighted_std_atomic_number,weighted_mean_atomic_weight,weighted_std_atomic_weight,weighted_mean_electronegativity,weighted_std_electronegativity,atomic_size_mismatch_delta,weighted_mean_atomic_radius,weighted_std_atomic_radius,weighted_range_atomic_radius,weighted_mean_covalent_radius,weighted_std_covalent_radius,electronegativity_range,pairwise_weighted_absdiff_chi,Hmix_est_chi_sq,Hmix_final,Omega_parameter,weighted_mean_melting_point,weighted_std_melting_point,fraction_transition_metal,fraction_lanthanoid_actinoid,fraction_metal,atomic_mass_range,Predicted_Rc,Predicted_Rc_log,Original_Rc
Valid,MG,507.0,,1189.0,6030.0,0.2,,,,,0.426408746846089,,13,39,26,15.64,4.6464,13,12,73,61,67.52,9.6448,73,26.9815386,88.90585,61.9243114,33.213549768,10.96833965568,26.9815386,933.47,1799.0,865.53,1036.0936,180.617536,933.47,3,13,10,12.04,1.6896,13,3,5,2,3.2,0.352,3,121,190,69,126.72,10.1248,121,1.22,1.88,0.66,1.5896,0.059136,1.61,2,0,2.0,0.0,2,1,1,0.88,0.2112,1,0,7,7,0.36,0.6336,0,0,0,0.0,0.0,0,3,9,6,3.24,0.4608,3,0,0,0.0,0.0,0,5,5,4.4,1.056,5,0,9,9,0.84,1.4784,0,0,0,0.0,0.0,0,3,9,6,5.24,0.6016,5,10.245,32.365,22.12,17.5014,2.378176,16.48,0.0,0.0,0.0,0.0,0.0,0.0,1.5484712,1.5484712,0.061938848,0.11892258816,0.0,194,225,31,221.28,6.5472,225,3,0.884533775499839,0.880247864063431,0.880001126969315,0.88000000650153,0.880000000003396,2.0,0.88,0.36,0.0,0.617283950617284,0.271604938271605,0.111111111111111,0.0,0.103179904976213,0.003592588512104,3.6858569145886,11.24,3,0.88,0.04,15.64,3.0159825994193,33.213549768,7.14037573904948,1.5896,0.036489346171177,0.044931634814399,1.298,0.058321261989089,0.55,1.298,0.058321261989089,0.66,0.156288,0.05867136,0.05867136,65089.5557842175,1036.0936,112.861597827098,0.666666666666667,0.0,1.0,61.9243114,6343.109720432367,3.8023022237049213,6030.0
Valid,MG,522.0,,1193.0,6990.0,0.23,,,,,0.437552388935457,,13,39,26,15.52,4.4352,13,12,73,61,67.98,8.8352,73,26.9815386,88.90585,61.9243114,32.913823218,10.44082092768,26.9815386,933.47,1799.0,865.53,1035.7836,180.071936,933.47,3,13,10,12.1,1.584,13,3,5,2,3.19,0.3344,3,121,190,69,126.08,8.9488,121,1.22,1.88,0.66,1.5962,0.052668,1.61,2,0,2.0,0.0,2,1,1,0.88,0.2112,1,0,7,7,0.42,0.7392,0,0,0,0.0,0.0,0,3,9,6,3.3,0.57,3,0,0,0.0,0.0,0,5,5,4.4,1.056,5,0,9,9,0.78,1.3728,0,0,0,0.0,0.0,0,3,9,6,5.18,0.5348,5,10.245,32.365,22.12,17.2802,2.111872,16.48,0.0,0.0,0.0,0.0,0.0,0.0,1.5484712,1.5484712,0.07742356,0.147104764,0.0,194,225,31,221.28,6.5472,225,3,0.884194548727824,0.880201400184255,0.880000664736505,0.880000002773656,0.880000000000923,2.0,0.88,0.42,0.0,0.606060606060606,0.266666666666667,0.127272727272727,0.0,0.103179904976213,0.003454131944571,3.7284393660737,11.3,3,0.88,0.05,15.52,2.81933444628338,32.913823218,6.6563675747558,1.5962,0.032284863202436,0.040396746632039,1.2935,0.052253191768542,0.55,1.2935,0.052253191768542,0.66,0.152856,0.05640624,0.05640624,68465.0554425374,1035.7836,110.910207436427,0.666666666666667,0.0,1.0,61.9243114,6410.105799868665,3.8068651976810566,6990.0
Valid,MG,494.0,,1201.0,4160.0,0.26,,,,,0.411323896752706,,13,39,26,15.76,4.7472,13,12,73,61,68.38,7.9464,73,26.9815386,88.90585,61.9243114,33.233946196,10.75414106512,26.9815386,933.47,1799.0,865.53,1048.9642,198.650024,933.47,3,13,10,12.16,1.4448,13,3,5,2,3.2,0.344,3,121,190,69,125.38,7.7544,121,1.22,1.91,0.69,1.6106,0.047904,1.61,2,0,2.0,0.0,2,1,1,0.86,0.2408,1,0,8,8,0.7,1.204,0,0,0,0.0,0.0,0,3,10,7,3.56,1.0304,3,0,0,0.0,0.0,0,5,5,4.3,1.204,5,0,9,9,0.7,1.204,0,0,0,0.0,0.0,0,2,9,7,5.0,0.48,5,10.32,32.365,22.045,16.9403,1.850964,16.48,0.0,0.0,0.0,0.0,0.0,0.0,0.5953947,0.5953947,0.047631576,0.08764209984,0.0,194,225,31,223.14,3.49680000000001,225,3,0.865794432876534,0.860327980183674,0.860001482385938,0.860000008393759,0.860000000004407,2.0,0.86,0.7,0.0,0.561797752808989,0.241573033707865,0.196629213483146,0.0,0.112214394155631,0.00399459810723,4.16197570542441,11.56,3,0.86,0.06,15.76,2.92184204911901,33.233946196,6.64973404721534,1.6106,0.033514335082171,0.036317092631315,1.291,0.046885366587028,0.55,1.291,0.046885366587028,0.69,0.176304,0.06530256,0.06530256,66854.4007492677,1048.9642,121.82620771647,0.666666666666667,0.0,1.0,61.9243114,5302.205197191751,3.724456531070339,4160.0
Valid,MG,465.0,,1189.0,6860.0,0.2,,,,,0.391084945332212,,13,39,26,15.68,4.7168,13,12,73,61,67.64,9.4336,73,26.9815386,88.90585,61.9243114,33.203957968,10.95145808768,26.9815386,933.47,1799.0,865.53,1034.4936,177.801536,933.47,3,13,10,12.08,1.6192,13,3,5,2,3.2,0.352,3,121,190,69,126.64,10.1376,121,1.22,1.91,0.69,1.5908,0.059328,1.61,2,0,2.0,0.0,2,1,1,0.88,0.2112,1,0,8,8,0.4,0.704,0,0,0,0.0,0.0,0,3,10,7,3.28,0.5376,3,0,0,0.0,0.0,0,5,5,4.4,1.056,5,0,9,9,0.8,1.408,0,0,0,0.0,0.0,0,2,9,7,5.2,0.608,5,10.32,32.365,22.045,17.5044,2.377696,16.48,0.0,0.0,0.0,0.0,0.0,0.0,0.5953947,0.5953947,0.023815788,0.04572631296,0.0,194,225,31,222.52,4.56319999999999,225,3,0.884533775499839,0.880247864063431,0.880001126969315,0.88000000650153,0.880000000003396,2.0,0.88,0.4,0.0,0.609756097560976,0.268292682926829,0.121951219512195,0.0,0.112214394155631,0.003768945826949,3.6858569145886,11.28,3,0.88,0.04,15.68,3.04718981358234,33.203957968,7.13305209400314,1.5908,0.036447901667997,0.044931634814399,1.298,0.058321261989089,0.55,1.298,0.058321261989089,0.69,0.160896,0.06159744,0.06159744,61901.8483332384,1034.4936,111.415782463875,0.666666666666667,0.0,1.0,61.9243114,5218.898737679171,3.717578870318996,6860.0
Valid,MG,498.0,,1115.0,3970.0,0.685,,,,,0.446636771300448,,13,57,44,16.55,6.106,13,13,73,60,68.92,7.0176,73,26.9815386,138.90547,111.9239314,35.431802696,14.53445424512,26.9815386,933.47,1728.0,794.53,1017.9542,145.312824,933.47,3,13,10,12.23,1.3244,13,3,6,3,3.24,0.4128,3,121,207,86,125.57,8.14299999999999,121,1.1,1.91,0.81,1.6115,0.05373,1.61,2,0,2.0,0.0,2,1,1,0.86,0.2408,1,0,8,8,0.77,1.3244,0,0,0,0.0,0.0,0,3,10,7,3.63,1.1466,3,0,0,0.0,0.0,0,5,5,4.3,1.204,5,0,9,9,0.63,1.0836,0,0,0,0.0,0.0,0,2,9,7,4.93,0.5274,5,10.32,36.8975,26.5775,16.946475,1.9951025,16.48,0.0,0.0,0.0,0.0,0.0,0.0,0.5953947,0.5953947,0.053585523,0.09752565186,0.0,194,225,31,223.45,2.94500000000001,225,3,0.866140866141299,0.860384720604562,0.860002273226466,0.860000017165057,0.860000000013588,2.0,0.86,0.77,0.0,0.550964187327824,0.236914600550964,0.212121212121212,0.0,0.151279196405111,0.005109917034762,4.12571453724203,11.63,3,0.86,0.05,16.55,3.80437189296735,35.431802696,9.16310619158154,1.6115,0.037114322707009,0.038894886484901,1.294,0.050329983111461,0.7,1.294,0.050329983111461,0.81,0.19518,0.084411,0.084411,49754.0420222107,1017.9542,97.1560270572481,0.666666666666667,0.333333333333333,1.0,111.9239314,5244.169440286603,3.7196767153965107,3970.0
Valid,MG,468.0,,1146.0,10200.0,0.29,,,,,0.408376963350785,,13,58,45,16.15,5.481,13,15,73,58,69.6,5.91600000000001,73,26.9815386,140.116,113.1344614,34.360984582,12.84023600868,26.9815386,933.47,1728.0,794.53,1010.4789,133.995486,933.47,3,13,10,12.33,1.1658,13,3,6,3,3.21,0.3654,3,121,204,83,124.59,6.3528,121,1.12,1.91,0.79,1.6174,0.052668,1.61,2,0,2.0,0.0,2,1,1,0.87,0.2262,1,0,8,8,0.76,1.3224,0,1,1,0.04,0.0768,0,3,10,7,3.67,1.1658,3,0,0,0.0,0.0,0,5,5,4.35,1.131,5,0,9,9,0.54,0.9396,0,13,13,0.52,0.9984,0,2,22,20,5.41,1.3272,5,10.32,37.24,26.92,16.756,1.63872,16.48,0.0,0.0,0.0,0.0,0.0,0.0,0.5953947,0.5953947,0.053585523,0.09752565186,0.0,194,225,31,223.76,2.38080000000001,225,3,0.875556965593901,0.870349091421269,0.870002097153465,0.870000015811356,0.870000000012215,2.0,0.87,0.76,0.04,0.544959128065395,0.237057220708447,0.20708446866485,0.010899182561308,0.144462198341381,0.004289555597962,3.87976219629009,11.63,3,0.87,0.04,16.15,3.38379055202889,34.360984582,7.99426360660876,1.6174,0.033627045900584,0.028901864549434,1.283,0.037081092216924,0.6,1.283,0.037081092216924,0.79,0.173544,0.07059696,0.07059696,55525.7940972206,1010.3589,93.0140107407749,0.333333333333333,0.333333333333333,1.0,113.1344614,5625.7617469744355,3.75018133569173,10200.0
Valid,MG,496.0,,1142.0,6230.0,0.4,,,,,0.434325744308231,,13,58,45,16.45,6.003,13,15,73,58,69.14,6.7164,73,26.9815386,140.116,113.1344614,35.175210582,14.25698924868,26.9815386,933.47,1728.0,794.53,1003.9089,122.563686,933.47,3,13,10,12.26,1.2876,13,3,6,3,3.23,0.4002,3,121,204,83,125.39,7.861,121,1.12,1.91,0.79,1.6095,0.04895,1.61,2,0,2.0,0.0,2,1,1,0.87,0.2262,1,0,8,8,0.69,1.2006,0,1,1,0.05,0.095,0,3,10,7,3.61,1.0614,3,0,0,0.0,0.0,0,5,5,4.35,1.131,5,0,9,9,0.61,1.0614,0,13,13,0.65,1.235,0,2,22,20,5.61,1.639,5,10.32,37.24,26.92,17.0252,2.02148,16.48,0.0,0.0,0.0,0.0,0.0,0.0,0.5953947,0.5953947,0.047631576,0.08764209984,0.0,194,225,31,223.45,2.94500000000001,225,3,0.875099994286367,0.870280439824984,0.87000125303007,0.870000007166399,0.870000000003794,2.0,0.87,0.69,0.05,0.554016620498615,0.240997229916897,0.191135734072022,0.013850415512465,0.144462198341381,0.004660629629923,3.93276496194392,11.56,3,0.87,0.05,16.45,3.76547267949191,35.175210582,9.04912881513092,1.6095,0.034309422175257,0.033906224429896,1.288,0.043671217065706,0.6,1.288,0.043671217065706,0.79,0.18142,0.076819,0.076819,51387.649306916,1003.7589,84.3016319057562,0.333333333333333,0.333333333333333,1.0,113.1344614,5579.379010723138,3.746585864309589,6230.0
Valid,MG,488.0,,1167.0,7010.0,0.3,,,,,0.418166238217652,,13,64,51,17.11,7.1514,13,27,73,46,69.4,6.264,73,26.9815386,157.25,130.2684614,37.017476582,17.46253208868,26.9815386,933.47,1728.0,794.53,1028.2389,164.897886,933.47,3,13,10,12.19,1.4094,13,3,6,3,3.25,0.435,3,121,196,75,125.71,8.43479999999999,121,1.2,1.91,0.71,1.6064,0.048768,1.61,2,0,2.0,0.0,2,1,1,0.87,0.2262,1,0,8,8,0.62,1.0788,0,7,7,0.42,0.7896,0,3,10,7,3.91,1.5834,3,0,0,0.0,0.0,0,5,5,4.35,1.131,5,0,9,9,0.68,1.1832,0,7,7,0.42,0.7896,0,2,16,14,5.45,1.266,5,10.32,32.05,21.73,16.983,1.80804,16.48,0.0,0.0,0.0,0.0,0.0,0.0,0.5953947,0.5953947,0.041677629,0.07752038994,0.0,194,225,31,223.14,3.49680000000001,225,3,0.874871419123976,0.87024610996481,0.870000858197034,0.870000003635386,0.870000000001201,2.0,0.87,0.62,0.42,0.51150895140665,0.222506393861893,0.158567774936061,0.107416879795396,0.118407193312251,0.004000508630376,3.95860581595756,11.49,3,0.87,0.06,17.11,4.61323653631591,37.017476582,11.4270882260711,1.6064,0.032496713433823,0.036069759944821,1.29,0.046529990328819,0.55,1.29,0.046529990328819,0.71,0.170616,0.06549216,0.06549216,62147.2092739452,1028.1789,101.514408900867,0.333333333333333,0.333333333333333,1.0,130.2684614,6101.220778819168,3.7854167406599917,7010.0
Valid,MG,510.0,,1177.0,4060.0,0.58,,,,,0.433305012744265,,13,57,44,16.7,6.29,13,13,73,60,68.8,7.14,73,26.9815386,138.90547,111.9239314,35.74892131,14.904550607,26.9815386,933.47,1728.0,794.53,1025.8995,157.13015,933.47,3,13,10,12.2,1.36,13,3,6,3,3.25,0.425,3,121,207,86,125.6,8.14,121,1.1,1.91,0.81,1.6145,0.0591,1.61,2,0,2.0,0.0,2,1,1,0.85,0.255,1,0,8,8,0.85,1.445,0,0,0,0.0,0.0,0,3,10,7,3.7,1.26,3,0,0,0.0,0.0,0,5,5,4.25,1.275,5,0,9,9,0.65,1.105,0,0,0,0.0,0.0,0,2,9,7,4.9,0.58,5,10.32,36.8975,26.5775,16.884875,2.0012625,16.48,0.0,0.0,0.0,0.0,0.0,0.0,0.5953947,0.5953947,0.05953947,0.107171046,0.0,194,225,31,223.45,2.94500000000001,225,3,0.857321409974112,0.850518714530696,0.850003951065386,0.850000038174037,0.850000000043217,2.0,0.85,0.85,0.0,0.54054054054054,0.22972972972973,0.22972972972973,0.0,0.151279196405111,0.005323169248787,4.30843989764839,11.7,3,0.85,0.05,16.7,3.90232622931502,35.74892131,9.34901503190553,1.6145,0.03936507017649,0.039115418326606,1.295,0.050654466732955,0.7,1.295,0.050654466732955,0.81,0.2049,0.087939,0.087939,50262.4129990933,1025.8995,105.696398110384,0.666666666666667,0.333333333333333,1.0,111.9239314,5233.7393530579975,3.718812090419399,4060.0
Valid,MG,523.0,,1165.0,4450.0,0.425,,,,,0.44892703862661,,13,58,45,16.75,6.375,13,15,73,58,68.9,6.97,73,26.9815386,140.116,113.1344614,35.80944781,15.007445657,26.9815386,933.47,1728.0,794.53,1019.7995,146.76015,933.47,3,13,10,12.2,1.36,13,3,6,3,3.25,0.425,3,121,204,83,125.45,7.855,121,1.12,1.91,0.79,1.6155,0.0589,1.61,2,0,2.0,0.0,2,1,1,0.85,0.255,1,0,8,8,0.85,1.445,0,1,1,0.05,0.095,0,3,10,7,3.75,1.275,3,0,0,0.0,0.0,0,5,5,4.25,1.275,5,0,9,9,0.65,1.105,0,13,13,0.65,1.235,0,2,22,20,5.55,1.645,5,10.32,37.24,26.92,16.902,2.0338,16.48,0.0,0.0,0.0,0.0,0.0,0.0,0.5953947,0.5953947,0.05953947,0.107171046,0.0,194,225,31,223.45,2.94500000000001,225,3,0.857321409974112,0.850518714530696,0.850003951065386,0.850000038174037,0.850000000043217,2.0,0.85,0.85,0.05,0.533333333333333,0.226666666666667,0.226666666666667,0.013333333333333,0.144462198341381,0.005089463765252,4.30843989764839,11.7,3,0.85,0.05,16.75,3.95975851536429,35.80944781,9.42031055962101,1.6155,0.038768011942838,0.034459086466501,1.29,0.044452221541786,0.6,1.29,0.044452221541786,0.79,0.2011,0.083899,0.083899,52361.7514793367,1019.6495,101.928349735286,0.333333333333333,0.333333333333333,1.0,113.1344614,5584.215992153372,3.7469622080367007,4450.0
Valid,MG,570.0,,1283.0,3650.0,0.2,,,,,0.444271239282931,,13,39,26,15.74,4.7128,13,12,73,61,68.32,8.04960000000001,73,26.9815386,88.90585,61.9243114,33.238742096,10.76239001312,26.9815386,933.47,1799.0,865.53,1049.7642,200.026024,933.47,3,13,10,12.14,1.4792,13,3,5,2,3.2,0.344,3,121,190,69,125.42,7.7728,121,1.22,1.91,0.69,1.61,0.0468,1.61,2,0,2.0,0.0,2,1,1,0.86,0.2408,1,0,8,8,0.68,1.1696,0,0,0,0.0,0.0,0,3,10,7,3.54,0.9936,3,0,0,0.0,0.0,0,5,5,4.3,1.204,5,0,9,9,0.72,1.2384,0,0,0,0.0,0.0,0,2,9,7,5.02,0.4776,5,10.245,32.365,22.12,16.9388,1.851144,16.48,0.0,0.0,0.0,0.0,0.0,0.0,1.5484712,1.5484712,0.066693106,0.12271531504,0.0,194,225,31,222.52,4.56319999999999,225,4,0.864407311398972,0.86019825968109,0.860000569789648,0.860000001977422,0.86000000000047,2.0,0.86,0.68,0.0,0.564971751412429,0.242937853107345,0.192090395480226,0.0,0.112214394155631,0.003911978748623,4.53601686852896,11.54,4,0.86,0.02,15.74,2.84466917584453,33.238742096,6.53526595508549,1.61,0.03001199760096,0.036248015398086,1.291,0.046796187878929,0.55,1.291,0.046796187878929,0.69,0.17424,0.063936,0.063936,74476.7911521417,1049.7642,117.838180310647,0.75,0.0,1.0,61.9243114,5293.288191963793,3.7237255397068134,3650.0
Valid,MG,519.0,,1158.0,3490.0,0.51,,,,,0.448186528497409,,13,58,45,16.675,6.28425,13,15,73,58,68.96,6.9084,73,26.9815386,140.116,113.1344614,35.650888503,14.82458833413,26.9815386,933.47,1728.0,794.53,1015.82685,140.8302135,933.47,3,13,10,12.215,1.34235,13,3,6,3,3.245,0.41895,3,121,204,83,125.435,7.8565,121,1.12,1.91,0.79,1.614,0.05624,1.61,2,0,2.0,0.0,2,1,1,0.855,0.24795,1,0,8,8,0.81,1.3851,0,1,1,0.05,0.095,0,3,10,7,3.715,1.22265,3,0,0,0.0,0.0,0,5,5,4.275,1.23975,5,0,9,9,0.64,1.0944,0,13,13,0.65,1.235,0,2,22,20,5.565,1.6435,5,10.32,37.24,26.92,16.9328,2.03072,16.48,0.0,0.0,0.0,0.0,0.0,0.0,0.5953947,0.5953947,0.0565624965,0.102378118665,0.0,194,225,31,223.45,2.94500000000001,225,3,0.861713409434947,0.855447709618526,0.855003012832911,0.855000025822725,0.855000000024561,2.0,0.855,0.81,0.05,0.53835800807537,0.230148048452221,0.218034993270525,0.013458950201884,0.144462198341381,0.00498392388863,4.21829328849109,11.665,3,0.855,0.05,16.675,3.91150170570716,35.650888503,9.32825779969197,1.614,0.037583517663997,0.034323981584554,1.2895,0.044260774253282,0.6,1.2895,0.044260774253282,0.79,0.19627,0.082156,0.082156,52149.8471149839,1015.67685,97.6033301114453,0.333333333333333,0.333333333333333,1.0,113.1344614,5585.836406155886,3.747088212255756,3490.0
Valid,MG,516.0,,1230.0,7050.0,,,,,,0.419512195121951,,13,39,26,15.691,4.617756,13,12,73,61,68.797,7.21234799999999,73,26.9815386,88.90585,61.9243114,33.0254578688,10.3713654652608,26.9815386,933.47,1799.0,865.53,1049.91426,199.81835016,933.47,3,13,10,12.217,1.343628,13,3,5,2,3.193,0.331188,3,121,190,69,124.792,6.651216,121,1.22,1.91,0.69,1.61741,0.05325138,1.61,2,0,2.0,0.0,2,1,1,0.858,0.243672,1,0,8,8,0.779,1.336764,0,0,0,0.0,0.0,0,3,10,7,3.637,1.158066,3,0,0,0.0,0.0,0,5,5,4.29,1.21836,5,0,9,9,0.641,1.099956,0,0,0,0.0,0.0,0,2,9,7,4.931,0.533442,5,10.32,32.365,22.045,16.729575,1.59481335,16.48,0.0,0.0,0.0,0.0,0.0,0.0,0.5953947,0.5953947,0.0541809177,0.0985009083786,0.0,194,225,31,223.419,3.00073799999996,225,3,0.864318228432098,0.858401091715228,0.858002430284004,0.858000018825443,0.858000000015501,2.0,0.858,0.779,0.0,0.549903766840803,0.235908715974704,0.214187517184493,0.0,0.112214394155631,0.003890586184835,4.16798722434104,11.637,3,0.858,0.051,15.691,2.82820299008505,33.0254578688,6.36153412206598,1.61741,0.034060782584559,0.032340466969762,1.28715,0.041627032060129,0.55,1.28715,0.041627032060129,0.69,0.17476524,0.0635687676,0.0635687676,68839.2962059663,1049.91426,123.486626791328,0.666666666666667,0.0,1.0,61.9243114,5348.604339337895,3.7282404723392597,7050.0
Valid,MG,477.0,,1200.0,5620.0,0.18,,,,,0.3975,,13,64,51,17.35,7.395,13,27,73,46,68.98,6.834,73,26.9815386,157.25,130.2684614,37.56626181,17.994029457,26.9815386,933.47,1811.0,877.53,1046.6195,192.35415,933.47,3,13,10,12.07,1.581,13,3,6,3,3.27,0.459,3,121,196,75,126.01,8.7582,121,1.2,1.91,0.71,1.61,0.0492,1.61,2,0,2.0,0.0,2,1,1,0.85,0.255,1,0,8,8,0.72,1.224,0,7,7,0.42,0.7896,0,3,10,7,3.99,1.683,3,0,0,0.0,0.0,0,5,5,4.25,1.275,5,0,9,9,0.78,1.326,0,7,7,0.42,0.7896,0,2,16,14,5.45,1.266,5,10.32,32.05,21.73,16.8721,1.821348,16.48,0.0,0.0,0.0,0.0,0.0,0.0,2.1106628,2.1106628,0.099043566,0.18025929012,0.0,194,229,35,223.26,3.51120000000001,225,4,0.854751425854324,0.850211711969789,0.850000605164306,0.850000002128974,0.850000000000522,2.0,0.85,0.72,0.42,0.50125313283208,0.213032581453634,0.180451127819549,0.105263157894737,0.118407193312251,0.004139414919787,4.83026305419508,11.57,4,0.85,0.03,17.35,4.68845054362313,37.56626181,11.5940056247406,1.61,0.031188459404081,0.037176227310374,1.2935,0.048087450025968,0.55,1.2935,0.048087450025968,0.71,0.182616,0.067752,0.067752,74612.6710177155,1046.5595,111.72090324837,0.5,0.25,1.0,130.2684614,6154.2606573747435,3.789175886396686,5620.0
Valid,MG,570.0,,1173.0,3820.0,0.25,,,,,0.485933503836317,,13,64,51,18.09,8.653,13,27,73,46,68.36,7.888,73,26.9815386,157.25,130.2684614,39.56587781,21.393376657,26.9815386,933.47,1811.0,877.53,1042.9495,186.11515,933.47,3,13,10,11.95,1.785,13,3,6,3,3.31,0.527,3,121,196,75,127.37,11.166,121,1.2,1.91,0.71,1.5966,0.063456,1.61,2,0,2.0,0.0,2,1,1,0.85,0.255,1,0,8,8,0.6,1.02,0,7,7,0.56,1.0304,0,3,10,7,4.01,1.717,3,0,0,0.0,0.0,0,5,5,4.25,1.275,5,0,9,9,0.9,1.53,0,7,7,0.56,1.0304,0,2,16,14,5.71,1.6464,5,10.32,32.05,21.73,17.3026,2.359584,16.48,0.0,0.0,0.0,0.0,0.0,0.0,2.1106628,2.1106628,0.071982991,0.13388836326,0.0,194,229,35,222.6,4.57600000000001,225,4,0.855453096317969,0.850297473735911,0.850001376415844,0.850000008240025,0.850000000004678,2.0,0.85,0.6,0.56,0.498753117206983,0.211970074812968,0.149625935162095,0.139650872817955,0.118407193312251,0.00457488310967,4.72449762210254,11.45,4,0.85,0.02,18.09,5.69900075276359,39.56587781,14.2855499413792,1.5966,0.037466481126468,0.04576482101796,1.302,0.059585796965384,0.55,1.302,0.059585796965384,0.71,0.193192,0.07494576,0.07494576,65741.3371062956,1042.8695,109.259212039818,0.5,0.25,1.0,130.2684614,5040.986131385919,3.702515502621477,3820.0
Valid,MG,508.0,,1268.0,7200.0,,,,,,0.400630914826498,,13,62,49,17.765,8.33875,13,23,73,50,68.27,8.2775,73,26.9815386,150.36,123.3784614,38.737182275,20.57237643125,26.9815386,933.47,1728.0,794.53,1000.23125,116.8321875,933.47,3,13,10,12.03,1.6975,13,3,6,3,3.295,0.51625,3,121,198,77,127.665,11.95695,121,1.17,1.91,0.74,1.5846,0.070482,1.61,2,0,2.0,0.0,2,1,1,0.875,0.21875,1,0,8,8,0.32,0.6144,0,6,6,0.51,0.9333,0,3,10,7,3.705,1.23375,3,0,0,0.0,0.0,0,5,5,4.375,1.09375,5,0,2,2,0.08,0.1536,0,8,8,0.68,1.2444,0,2,8,6,5.135,0.48705,5,10.32,33.23,22.91,17.65735,2.6473505,16.48,0.0,0.0,0.0,0.0,0.0,0.0,0.5953947,0.5953947,0.023815788,0.04572631296,0.0,166,225,59,219.985,9.17744999999999,225,3,0.880028408632358,0.875295138533469,0.875001548815841,0.87500001025652,0.875000000006552,2.0,0.875,0.32,0.51,0.539811066126856,0.236167341430499,0.086369770580297,0.137651821862348,0.127942572485281,0.004727736090569,3.7841517553332,11.195,3,0.875,0.04,17.765,5.62927244421959,38.737182275,14.0165568200631,1.5846,0.043649684557852,0.051205065379433,1.305,0.066822610320161,0.6,1.305,0.066822610320161,0.74,0.182964,0.07764336,0.07764336,48748.8800121205,1000.23125,71.5449435451378,0.333333333333333,0.333333333333333,1.0,123.3784614,6121.06997326949,3.786827344183246,7200.0
Valid,MG,484.0,,1185.0,5160.0,,,,,,0.408438818565401,,13,39,26,15.6,4.4616,13,12,73,61,68.524,7.680816,73,26.9815386,88.90585,61.9243114,33.0472792138,10.4088108932808,26.9815386,933.47,1799.0,865.53,1053.55426,206.06459016,933.47,3,13,10,12.126,1.499784,13,3,5,2,3.193,0.331188,3,121,190,69,124.974,6.81938400000001,121,1.22,1.88,0.66,1.61468,0.04828824,1.61,2,0,2.0,0.0,2,1,1,0.858,0.243672,1,0,7,7,0.688,1.180608,0,0,0,0.0,0.0,0,3,9,6,3.546,0.992628,3,0,0,0.0,0.0,0,5,5,4.29,1.21836,5,0,9,9,0.732,1.256112,0,0,0,0.0,0.0,0,3,9,6,5.022,0.405756,5,10.245,32.365,22.12,16.72275,1.5955095,16.48,0.0,0.0,0.0,0.0,0.0,0.0,1.5484712,1.5484712,0.1409108792,0.2561759783856,0.0,194,225,31,220.598,7.55383199999995,225,3,0.864318228432098,0.858401091715228,0.858002430284004,0.858000018825443,0.858000000015501,2.0,0.858,0.688,0.0,0.564015792442188,0.241962774957699,0.194021432600113,0.0,0.103179904976213,0.00352160135576,4.16798722434104,11.546,3,0.858,0.051,15.6,2.73438676123185,33.0472792138,6.38360100563419,1.61468,0.031689525832843,0.032340466969762,1.28715,0.041627032060129,0.55,1.28715,0.041627032060129,0.66,0.16483896,0.0574763904,0.0574763904,76400.0777570346,1053.55426,127.624038285912,0.666666666666667,0.0,1.0,61.9243114,6612.123755077324,3.8203409733997455,5160.0
Valid,MG,500.0,506.0,1205.0,3320.0,1.0,,,,0.296774193548387,0.4149377593361,6.0,13,57,44,15.93,5.0396,13,12,73,61,68.36,7.9808,73,26.9815386,138.90547,111.9239314,33.736340346,11.61825900312,26.9815386,933.47,1799.0,865.53,1043.3042,188.914824,933.47,3,13,10,12.15,1.462,13,3,6,3,3.21,0.3612,3,121,207,86,125.57,8.0802,121,1.1,1.91,0.81,1.6091,0.049092,1.61,2,0,2.0,0.0,2,1,1,0.86,0.2408,1,0,8,8,0.69,1.1868,0,0,0,0.0,0.0,0,3,10,7,3.55,1.012,3,0,0,0.0,0.0,0,5,5,4.3,1.204,5,0,9,9,0.71,1.2212,0,0,0,0.0,0.0,0,2,9,7,5.01,0.4788,5,10.245,36.8975,26.6525,16.984875,1.936265,16.48,0.0,0.0,0.0,0.0,0.0,0.0,1.5484712,1.5484712,0.057162341,0.10517870744,0.0,194,225,31,222.83,4.03619999999999,225,5,0.864407311398972,0.860211774058956,0.860000728836155,0.860000003183896,0.860000000001136,2.0,0.86,0.69,0.0,0.563380281690141,0.242253521126761,0.194366197183099,0.0,0.151279196405111,0.004206790414646,4.63735747883511,11.55,5,0.86,0.01,15.93,2.92826557538759,33.736340346,6.7510520614512,1.6091,0.029257529492423,0.03494114712655,1.2925,0.045161432661066,0.7,1.2925,0.045161432661066,0.81,0.180036,0.06893676,0.06893676,70182.7955723464,1043.3042,112.702321091554,0.8,0.2,1.0,111.9239314,5286.5536873401425,3.723172647021877,3320.0
Valid,MG,510.0,,1200.0,4890.0,,,,,,0.425,,13,58,45,16.66,6.28056,13,15,73,58,68.95,6.9498,73,26.9815386,140.116,113.1344614,35.6371755188,14.8530729526608,26.9815386,933.47,1728.0,794.53,1012.78626,136.10670216,933.47,3,13,10,12.217,1.343628,13,3,6,3,3.244,0.418704,3,121,204,83,125.506,8.006388,121,1.12,1.91,0.79,1.61231,0.05417958,1.61,2,0,2.0,0.0,2,1,1,0.858,0.243672,1,0,8,8,0.779,1.336764,0,1,1,0.051,0.096798,0,3,10,7,3.688,1.180608,3,0,0,0.0,0.0,0,5,5,4.29,1.21836,5,0,9,9,0.641,1.099956,0,13,13,0.663,1.258374,0,2,22,20,5.594,1.673412,5,10.32,37.24,26.92,16.9782,2.0667036,16.48,0.0,0.0,0.0,0.0,0.0,0.0,0.5953947,0.5953947,0.0541809177,0.0985009083786,0.0,194,225,31,223.419,3.00073799999996,225,3,0.864318228432098,0.858401091715228,0.858002430284004,0.858000018825443,0.858000000015501,2.0,0.858,0.779,0.051,0.542299349240781,0.232646420824295,0.211225596529284,0.01382863340564,0.144462198341381,0.004956885734775,4.16798722434104,11.637,3,0.858,0.051,16.66,3.92063211709541,35.6371755188,9.378038003363,1.61231,0.036989013097954,0.034735712938456,1.2897,0.044798648976727,0.6,1.2897,0.044798648976727,0.79,0.19412484,0.0817190556,0.0817190556,51648.2044436545,1012.63326,94.1232174821218,0.333333333333333,0.333333333333333,1.0,113.1344614,5579.169201751997,3.7465695326369204,4890.0
Valid,MG,512.0,,1207.0,3380.0,0.85,,,,,0.424192212096106,,13,57,44,16.03,5.2116,13,12,73,61,68.395,7.9206,73,26.9815386,138.90547,111.9239314,33.983940496,12.04413126112,26.9815386,933.47,1799.0,865.53,1039.8742,183.015224,933.47,3,13,10,12.16,1.4448,13,3,6,3,3.215,0.3698,3,121,207,86,125.635,8.2338,121,1.1,1.91,0.81,1.6088,0.050256,1.61,2,0,2.0,0.0,2,1,1,0.86,0.2408,1,0,8,8,0.7,1.204,0,0,0,0.0,0.0,0,3,10,7,3.56,1.0304,3,0,0,0.0,0.0,0,5,5,4.3,1.204,5,0,9,9,0.7,1.204,0,0,0,0.0,0.0,0,2,9,7,5.0,0.48,5,10.32,36.8975,26.5775,17.0082875,1.9787805,16.48,0.0,0.0,0.0,0.0,0.0,0.0,0.5953947,0.5953947,0.047631576,0.08764209984,0.0,194,225,31,223.14,3.49680000000001,225,4,0.865014450746344,0.860273259117356,0.860001265822911,0.860000007537281,0.860000000004186,2.0,0.86,0.7,0.0,0.561797752808989,0.241573033707865,0.196629213483146,0.0,0.151279196405111,0.004374719890538,4.44250657775282,11.56,4,0.86,0.015,16.03,3.02544136036381,33.983940496,6.98269311179371,1.6088,0.030757758045735,0.034762857763857,1.29325,0.044957065803108,0.7,1.29325,0.044957065803108,0.81,0.183396,0.07177824,0.07177824,64360.0062285045,1039.8742,112.14445617236,0.75,0.25,1.0,111.9239314,5283.063484580503,3.7228858294712177,3380.0
Valid,MG,505.0,,1198.0,5240.0,,,,,,0.421535893155259,,13,64,51,17.017,6.885138,13,27,73,46,69.516,5.971576,73,26.9815386,157.25,130.2684614,36.6412779802,16.5567932976628,26.9815386,933.47,1728.0,794.53,1039.70379,182.08471606,933.47,3,13,10,12.207,1.359202,13,3,6,3,3.247,0.423358,3,121,196,75,125.173,7.36600800000001,121,1.2,1.91,0.71,1.61598,0.05351164,1.61,2,0,2.0,0.0,2,1,1,0.857,0.245102,1,0,8,8,0.78,1.33692,0,7,7,0.364,0.690144,0,3,10,7,4.001,1.715714,3,0,0,0.0,0.0,0,5,5,4.285,1.22551,5,0,9,9,0.65,1.1141,0,7,7,0.364,0.690144,0,2,16,14,5.299,1.112904,5,10.32,32.05,21.73,16.72908,1.59337568,16.48,0.0,0.0,0.0,0.0,0.0,0.0,0.5953947,0.5953947,0.0541809177,0.0985009083786,0.0,194,225,31,223.388,3.056352,225,3,0.863385197927321,0.857405635562795,0.85700245469016,0.857000019004743,0.857000000015674,2.0,0.857,0.78,0.364,0.499875031242189,0.214196450887278,0.194951262184454,0.090977255686079,0.118407193312251,0.004129412465794,4.19137127651231,11.637,3,0.857,0.052,17.017,4.33808752890326,36.6412779802,10.5779254652754,1.61598,0.034785579259423,0.032816059066398,1.2877,0.0422572392598,0.55,1.2877,0.0422572392598,0.71,0.18010824,0.0675817584,0.0675817584,64478.4443802831,1039.65179,114.054860254402,0.333333333333333,0.333333333333333,1.0,130.2684614,6140.076938325316,3.788173813108722,5240.0
Valid,MG,507.0,,1206.0,3300.0,0.785,,,,,0.420398009950249,,13,62,49,16.928,6.724736,13,23,73,50,69.296,6.341248,73,26.9815386,150.36,123.3784614,36.3147098416,15.9783891656192,26.9815386,933.47,1728.0,794.53,1027.96632,161.77769984,933.47,3,13,10,12.204,1.362752,13,3,6,3,3.248,0.424575999999999,3,121,198,77,125.28,7.56287999999999,121,1.17,1.91,0.74,1.61472,0.05433152,1.61,2,0,2.0,0.0,2,1,1,0.856,0.246528,1,0,8,8,0.736,1.336576,0,6,6,0.312,0.591552,0,3,10,7,3.904,1.547648,3,0,0,0.0,0.0,0,5,5,4.28,1.23264,5,0,2,2,0.184,0.334144,0,8,8,0.416,0.788736,0,2,8,6,4.88,0.52992,5,10.32,33.23,22.91,16.78428,1.71035488,16.48,0.0,0.0,0.0,0.0,0.0,0.0,0.5953947,0.5953947,0.0547763124,0.0994737833184,0.0,166,225,59,221.932,5.81692799999999,225,3,0.862498695651187,0.856417998314696,0.8560025967407,0.856000020630275,0.856000000017663,2.0,0.856,0.736,0.312,0.512295081967213,0.219262295081967,0.188524590163934,0.079918032786885,0.127942572485281,0.004467287667759,4.20996674065445,11.592,3,0.856,0.052,16.928,4.22329839797474,36.3147098416,10.1604705412192,1.61472,0.035903881089286,0.035281849272771,1.2904,0.045527698301584,0.6,1.2904,0.045527698301584,0.74,0.18700416,0.0732996864,0.0732996864,59041.2351021178,1027.96632,104.702173537196,0.333333333333333,0.333333333333333,1.0,123.3784614,6042.816532679477,3.781239408735553,3300.0
Valid,MG,504.0,,1196.0,3040.0,1.0,,,,,0.421404682274248,,13,57,44,16.02,5.1944,13,12,73,61,68.365,7.9722,73,26.9815386,138.90547,111.9239314,33.986338446,12.04825573512,26.9815386,933.47,1799.0,865.53,1040.2742,183.703224,933.47,3,13,10,12.15,1.462,13,3,6,3,3.215,0.3698,3,121,207,86,125.655,8.2383,121,1.1,1.91,0.81,1.6085,0.05022,1.61,2,0,2.0,0.0,2,1,1,0.86,0.2408,1,0,8,8,0.69,1.1868,0,0,0,0.0,0.0,0,3,10,7,3.55,1.012,3,0,0,0.0,0.0,0,5,5,4.3,1.204,5,0,9,9,0.71,1.2212,0,0,0,0.0,0.0,0,2,9,7,5.01,0.4788,5,10.245,36.8975,26.6525,17.0075375,1.9788705,16.48,0.0,0.0,0.0,0.0,0.0,0.0,1.5484712,1.5484712,0.057162341,0.10517870744,0.0,194,225,31,222.83,4.03619999999999,225,5,0.864204836829788,0.860197583951049,0.860000682287642,0.860000003040031,0.860000000001111,2.0,0.86,0.69,0.0,0.563380281690141,0.242253521126761,0.194366197183099,0.0,0.151279196405111,0.004333260644689,4.693117891465,11.55,5,0.86,0.01,16.02,2.98462271317498,33.986338446,6.92300631581117,1.6085,0.028605469975164,0.034724061336302,1.29325,0.044906892323172,0.7,1.29325,0.044906892323172,0.81,0.182376,0.071091,0.071091,68674.3675005382,1040.2742,109.444889221628,0.8,0.2,1.0,111.9239314,5279.300247480764,3.722576362155544,3040.0
Valid,MG,505.0,,1197.0,3010.0,1.0,,,,,0.421888053467001,,13,57,44,16.01,5.1772,13,12,73,61,68.335,8.0238,73,26.9815386,138.90547,111.9239314,33.988736396,12.05238020912,26.9815386,933.47,1799.0,865.53,1040.6742,184.391224,933.47,3,13,10,12.14,1.4792,13,3,6,3,3.215,0.3698,3,121,207,86,125.675,8.242,121,1.1,1.91,0.81,1.6082,0.050184,1.61,2,0,2.0,0.0,2,1,1,0.86,0.2408,1,0,8,8,0.68,1.1696,0,0,0,0.0,0.0,0,3,10,7,3.54,0.9936,3,0,0,0.0,0.0,0,5,5,4.3,1.204,5,0,9,9,0.72,1.2384,0,0,0,0.0,0.0,0,2,9,7,5.02,0.4776,5,10.245,36.8975,26.6525,17.0067875,1.9789605,16.48,0.0,0.0,0.0,0.0,0.0,0.0,1.5484712,1.5484712,0.066693106,0.12271531504,0.0,194,225,31,222.52,4.56319999999999,225,5,0.863626076493757,0.860143522107746,0.860000353225702,0.860000001120944,0.860000000000248,2.0,0.86,0.68,0.0,0.564971751412429,0.242937853107345,0.192090395480226,0.0,0.151279196405111,0.004291756403902,4.81654774085737,11.54,5,0.86,0.015,16.01,2.95212340273912,33.988736396,6.88076152951707,1.6082,0.026890930701633,0.03469632304252,1.29325,0.044871019774739,0.7,1.29325,0.044871019774739,0.81,0.181332,0.07040304,0.07040304,71196.5984268202,1040.6742,107.619912265365,0.8,0.2,1.0,111.9239314,5275.630920869539,3.7222744050251118,3010.0
Valid,MG,,,,740000.0,,,,,,,,14,79,65,67.054,18.587976,79,66,79,13,68.802,4.359912,66,28.0855,196.966569,168.881069,165.623492682,48.769826750808,196.966569,1211.4,1687.0,475.6,1349.32394,56.72957808,1337.33,11,14,3,11.666,1.036296,11,3,6,3,5.472,0.821568,6,111,136,25,131.692,6.70324800000001,136,1.9,2.54,0.64,2.4131,0.1974564,2.54,1,1,1.222,0.345432,1,2,2,0.444,0.690864,0,0,10,10,9.16,1.53888,10,14,14,10.892,4.836048,14,4,25,21,21.718,5.106792,25,1,1,0.778,0.345432,1,4,4,0.888,1.381728,0,0,0,0,0.0,0.0,0,0,0,0.0,0.0,0,1,4,3,1.666,1.036296,1,16.7,23.005,6.305,17.88425,1.842693,16.7,0.773,0.773,0.117786,0.183275016,0.0,0.0,0.0,0.0,0.0,0.0,0.0,225,227,2,225.168,0.307776000000005,225,3,0.794596753076678,0.779769671198797,0.778029602415693,0.778000633021924,0.778000002415441,1.222,0.444,9.16,10.892,0.05626669122387,0.020443871443043,0.42176996040151,0.501519476931578,0.097331587919058,0.013676817880257,5.62616757006572,18.826,3,0.778,0.084,67.054,11.3859504616762,165.623492682,29.8789779065931,2.4131,0.121240892805357,0.025680505027816,1.3152,0.033775000212583,0.25,1.3152,0.033775000212583,0.64,0.40001328,0.22826796,0.22826796,33257.0659180905,1349.32394,35.4105691406705,0.333333333333333,0.0,0.333333333333333,168.881069,4592.823804836633,3.6620797848355253,740000.0
Valid,MMG,401.0,459.0,644.0,160.0,5.0,,,,0.439234449760766,0.622670807453416,58.0,14,79,65,52.436,26.03272,79,62,78,16,67.271,3.49765400000001,66,28.0855,196.966569,168.881069,126.56584031,68.9927141162,196.966569,1234.93,1828.05,593.12,1405.47913,111.21406364,1337.33,10,14,4,11.466,0.826084000000001,11,3,6,3,4.895,1.09928,6,111,145,34,131.413,6.65463799999999,136,1.9,2.54,0.64,2.22215,0.311493,2.54,0,2,1.14,0.28036,1,2,2,0.326,0.545724,0,0,10,10,8.37,2.72862,10,14,14,6.86,6.9972,14,4,25,21,16.696,8.13792,25,1,1,0.814,0.302808,1,4,4,0.652,1.091448,0,0,0,0,0.0,0.0,0,0,0,0.0,0.0,0,0,4,4,1.466,0.826084000000001,1,11.07,20.44,9.37,15.72213,2.56320392,16.7,0.773,0.773,0.125999,0.210922326,0.0,0.0,0.0,0.0,0.0,0.0,0.0,225,227,2,225.326,0.545724000000015,225,5,0.585306757179515,0.521248722304394,0.495177009820575,0.491076390152301,0.490122506212019,1.14,0.326,8.37,6.86,0.068279827503594,0.019525634882607,0.501317680881648,0.410876856732151,0.097331587919058,0.023567396127108,10.3491637866417,18.25,5,0.49,0.023,52.436,15.7648978041744,126.56584031,41.6692790185,2.22215,0.186500502528921,0.031834505607013,1.32415,0.042153660599526,0.5,1.32415,0.042153660599526,0.64,0.6391266,0.39617151,0.39617151,36715.2441502923,1405.47913,59.7323352672695,0.8,0.0,0.8,168.881069,193.15571544762912,2.2859075633772554,160.0
Valid,MMG,672.0,772.0,1113.0,40.0,10.0,,,,0.43249299719888,0.60377358490566,100.0,13,40,27,33.0,6.48,29,12,73,61,53.63,12.2522,64,26.9815386,91.224,64.2424614,73.879240202,16.07225921012,63.546,933.47,2128.0,1194.53,1673.6271,394.210526,1357.77,3,13,10,7.8,3.672,11,3,5,2,4.4,0.564,4,121,190,69,152.19,22.9414,132,1.22,1.9,0.68,1.6063,0.270722,1.9,1,1,1.54,0.4968,1,1,1,0.07,0.1302,0,0,10,10,5.49,4.1492,10,0,0,0.0,0.0,0,3,11,8,7.1,3.588,11,1,1,0.46,0.4968,1,5,5,0.35,0.651,0,0,9,9,3.81,4.0386,0,0,0,0.0,0.0,0,1,9,8,4.62,3.3304,1,11.07,32.365,21.295,17.60595,6.170707,11.07,0.0,0.0,0.0,0.0,0.0,0.0,0.0,0.0,0.0,0.0,0.0,194,225,31,210.43,15.4442,225,4,0.6288083968905,0.556013353025408,0.507506900757401,0.488766101825867,0.475830621380333,1.54,0.07,5.49,0.0,0.216901408450704,0.009859154929577,0.773239436619718,0.0,0.109168515365691,0.019017723039927,8.79244692176228,15.1,4,0.46,0.05,33.0,3.75222600598631,73.879240202,9.32757196700026,1.6063,0.179143408547454,0.045651553259202,1.4495,0.066171926449213,0.55,1.4495,0.066171926449213,0.68,0.588036,0.31682124,0.31682124,46446.625369961,1673.6271,245.464282172431,0.75,0.0,1.0,64.2424614,24.8693300143883,1.395664085431838,40.0
Valid,MMG,,,,445.0,,,,,,,,13,58,45,47.6,14.56,58,15,73,58,30.3,21.42,15,26.9815386,140.116,113.1344614,113.00329386,37.957788596,140.116,933.47,1728.0,794.53,1151.624,156.5044,1071.0,3,13,10,5.5,3.5,3,3,6,3,5.3,0.98,6,121,204,83,180.5,32.9,204,1.12,1.91,0.79,1.326,0.2884,1.12,1,1,1.9,0.18,2,1,1,0.1,0.18,0,0,10,10,2.5,2.6,1,1,1,0.7,0.42,1,3,11,8,5.2,2.12,4,1,1,0.1,0.18,0,5,5,0.5,0.9,0,0,9,9,6.5,3.5,9,13,13,9.1,5.46,13,1,22,21,16.2,8.12,22,10.32,37.24,26.92,29.855,10.339,37.24,0.0,0.0,0.0,0.0,0.0,0.0,0.5953947,0.5953947,0.05953947,0.107171046,0.0,194,225,31,203.3,13.02,194,4,0.721110255092798,0.702034895168288,0.700024987803636,0.700000364279135,0.700000000743428,1.9,0.1,2.5,0.7,0.365384615384615,0.019230769230769,0.480769230769231,0.134615384615385,0.144462198341381,0.024498110346711,7.81931964599211,12.5,4,0.7,0.1,47.6,8.50124696735721,113.00329386,22.0941561826914,1.326,0.168242444109684,0.076676893268284,1.69,0.129583949623401,0.6,1.69,0.129583949623401,0.79,0.6008,0.419296,0.419296,21437.1126762907,1149.524,86.6222936796296,0.5,0.25,1.0,113.1344614,8.485938146935727,0.9286998619177051,445.0
Valid,MMG,,,,350000.0,,,,,,,,5,27,22,22.85,6.225,27,58,78,20,62.4,6.6,58,10.811,58.933195,48.122195,49.49382125,14.159060625,58.933195,1687.0,2348.0,661.0,1813.85,106.83,1768.0,9,14,5,10.15,1.725,9,2,4,2,3.65,0.525,4,84,126,42,119.55,9.675,126,1.88,2.04,0.16,1.899,0.0285,1.88,2,0,2.0,0.0,2,2,2,0.4,0.6,0,0,7,7,5.25,2.625,7,0,0,0.0,0.0,0,3,9,6,7.65,2.025,9,0,0,0.0,0.0,0,5,5,1.1,1.65,0,0,3,3,2.25,1.125,3,0,0,0.0,0.0,0,3,5,2,3.35,0.525,3,7.1725,20.44,13.2675,11.467,2.6919,10.245,1.524,1.524,0.26835,0.402525,0.0,0.0,1.5484712,1.5484712,1.1613534,0.5806767,1.5484712,166,227,61,196.15,9.255,194,3,0.771362431027076,0.752583681823048,0.750054313120644,0.750001451686652,0.750000007813182,2.0,0.4,5.25,0.0,0.261437908496732,0.052287581699347,0.686274509803922,0.0,0.006379563620851,0.000563036927845,6.07444712553924,15.05,3,0.75,0.1,22.85,3.8257205203726,49.49382125,8.68305654512988,1.899,0.020047319022752,0.064360243604021,1.2625,0.081254807550077,0.5,1.2625,0.081254807550077,0.16,0.0654,0.009036,0.009036,1219427.10957863,1813.95,66.4309095037845,0.333333333333333,0.0,0.333333333333333,48.122195,4358.800750210873,3.6393670169732446,350000.0
Valid,MG,,,,250.0,,,,,,,,29,40,11,34.5,5.5,29,44,64,20,54.0,10.0,44,63.546,91.224,27.678,77.385,13.839,63.546,1357.77,2128.0,770.23,1742.885,385.115,1357.77,4,11,7,7.5,3.5,4,4,5,1,4.5,0.5,4,132,175,43,153.5,21.5,132,1.33,1.9,0.57,1.615,0.285,1.33,1,1,1.5,0.5,1,0,0,0.0,0.0,0,2,10,8,6.0,4.0,2,0,0,0.0,0.0,0,4,11,7,7.5,3.5,4,1,1,0.5,0.5,0,0,0,0.0,0.0,0,0,8,8,4.0,4.0,0,0,0,0.0,0.0,0,1,8,7,4.5,3.5,1,11.07,23.195,12.125,17.1325,6.0625,11.07,0.0,0.0,0.0,0.0,0.0,0.0,0.0,0.0,0.0,0.0,0.0,194,225,31,209.5,15.5,194,2,0.707106781186548,0.629960524947437,0.574349177498517,0.552044756836906,0.535886731268147,1.5,0.0,6.0,0.0,0.2,0.0,0.8,0.0,0.07801377879469,0.019503444698673,5.76314632164398,15.5,2,0.5,0.5,34.5,3.88908729652601,77.385,9.78565074484063,1.615,0.201525432638166,0.048765984909417,1.45,0.070710678118655,0.2,1.45,0.070710678118655,0.57,0.57,0.3249,0.3249,30915.6702886044,1742.885,272.317428036657,1.0,0.0,1.0,27.678,34.816504660352855,1.541785168765306,250.0
Valid,MMG,698.0,732.0,1487.0,45000.0,0.326,,,,0.335011441647597,0.469401479488904,34.0,5,26,21,22.43,5.9262,26,55,72,17,57.89,4.7974,55,10.811,55.845,45.034,48.18922,12.7085948,55.845,1811.0,2348.0,537.0,1902.29,151.5414,1811.0,8,13,5,8.85,1.411,8,2,4,2,3.66,0.5644,4,84,132,48,123.84,13.5456,132,1.83,2.04,0.21,1.8657,0.059262,1.83,2,0,2.0,0.0,2,1,1,0.17,0.2822,0,0,6,6,4.98,1.6932,6,0,0,0.0,0.0,0,3,8,5,7.15,1.411,8,0,0,0.0,0.0,0,5,5,0.85,1.411,0,0,4,4,3.32,1.1288,4,0,0,0.0,0.0,0,4,5,1,4.17,0.2822,4,7.1725,10.73,3.5575,10.125225,1.0039265,10.73,1.524,1.524,0.25908,0.4300728,0.0,0.0,2.1106628,2.1106628,1.751850124,0.59562904216,2.1106628,166,229,63,218.29,17.7786,229,2,0.847230783199005,0.832370443395637,0.830059827330385,0.830001792970074,0.830000010784161,2.0,0.17,4.98,0.0,0.27972027972028,0.023776223776224,0.696503496503497,0.0,0.010964447422522,0.001547083531318,3.79044887634742,14.13,2,0.83,0.17,22.43,4.19045620666772,48.18922,8.9863335624321,1.8657,0.041904562066677,0.084003094916161,1.3065,0.109750043507964,0.55,1.3065,0.109750043507964,0.21,0.118524,0.02489004,0.02489004,289721.405389714,1902.46,107.355497104154,0.5,0.0,0.5,45.034,58431.413999983764,4.7666463960648455,45000.0
Valid,MMG,694.0,726.0,1480.0,51000.0,0.312,,,,0.333946642134315,0.468918918918919,32.0,5,26,21,22.61,5.6274,26,55,78,23,58.01,4.9966,55,10.811,55.845,45.034,48.53471,12.1350814,55.845,1687.0,2348.0,661.0,1889.07,137.679,1811.0,8,14,6,8.87,1.4442,8,2,4,2,3.68,0.5312,4,84,132,48,124.38,12.6492,132,1.83,2.04,0.21,1.8629,0.054614,1.83,2,0,2.0,0.0,2,2,2,0.19,0.3154,0,0,6,6,4.98,1.6932,6,0,0,0.0,0.0,0,3,8,5,7.17,1.3778,8,0,0,0.0,0.0,0,5,5,0.83,1.3778,0,0,4,4,3.32,1.1288,4,0,0,0.0,0.0,0,4,5,1,4.15,0.255,4,7.1725,20.44,13.2675,10.390575,0.965422499999999,10.73,1.524,1.524,0.24406,0.4051396,0.0,0.0,2.1106628,2.1106628,1.751850124,0.59562904216,2.1106628,166,229,63,219.51,16.053,229,3,0.843682404699778,0.831633691372954,0.83003200064513,0.830000746571441,0.830000003084677,2.0,0.19,4.98,0.0,0.278940027894003,0.02649930264993,0.694560669456067,0.0,0.010964447422522,0.001400060297753,4.30241851967195,14.27,3,0.83,0.02,22.61,3.86317004285341,48.53471,8.30671896031751,1.8629,0.038104094766836,0.077028532911947,1.3115,0.101022920914018,0.55,1.3115,0.101022920914018,0.21,0.110908,0.02252236,0.02252236,360895.355343479,1889.22,94.8037354280937,0.333333333333333,0.0,0.333333333333333,45.034,61474.04206824828,4.7886917699814715,51000.0
Valid,MMG,691.0,728.0,1505.0,68000.0,0.282,,,,0.331511839708561,0.459136212624585,37.0,5,26,21,22.73,5.4936,26,55,78,23,57.78,4.6704,55,10.811,55.845,45.034,48.812305,11.8149276,55.845,1687.0,2348.0,661.0,1890.31,137.307,1811.0,8,14,6,8.81,1.3608,8,2,4,2,3.69,0.5208,4,84,132,48,124.59,12.4488,132,1.83,2.04,0.21,1.8622,0.054096,1.83,2,0,2.0,0.0,2,2,2,0.17,0.2856,0,0,6,6,5.04,1.6128,6,0,0,0.0,0.0,0,3,8,5,7.21,1.3272,8,0,0,0.0,0.0,0,5,5,0.79,1.3272,0,0,4,4,3.36,1.0752,4,0,0,0.0,0.0,0,4,5,1,4.15,0.255,4,7.1725,20.44,13.2675,10.293475,0.9362925,10.73,1.524,1.524,0.23633,0.3970344,0.0,0.0,2.1106628,2.1106628,1.772956752,0.56734616064,2.1106628,166,229,63,219.53,16.059,229,3,0.853346354067327,0.841591841641916,0.840030502692582,0.840000694806675,0.840000002769485,2.0,0.17,5.04,0.0,0.277392510402219,0.023578363384189,0.699029126213592,0.0,0.010964447422522,0.001399136097062,3.96663509769055,14.31,3,0.84,0.01,22.73,3.82432631714397,48.812305,8.21177935536381,1.8622,0.037987183206971,0.07614040151293,1.3145,0.100086557788746,0.55,1.3145,0.100086557788746,0.21,0.109032,0.02250864,0.02250864,333150.514044693,1890.46,95.8647352842534,0.333333333333333,0.0,0.333333333333333,45.034,78297.44269987996,4.89374757764584,68000.0
Valid,MMG,691.0,720.0,1472.0,58000.0,0.298,,,,0.332871012482663,0.469429347826087,29.0,5,26,21,22.64,5.5776,26,55,78,23,58.16,5.2456,55,10.811,55.845,45.034,48.570701,12.07533634,55.845,1687.0,3823.0,2136.0,1933.32,212.904,1811.0,8,14,6,8.9,1.494,8,2,4,2,3.68,0.5312,4,76,132,56,124.14,13.0476,132,1.83,2.55,0.72,1.8782,0.080012,1.83,2,0,2.0,0.0,2,2,2,0.22,0.3652,0,0,6,6,4.98,1.6932,6,0,0,0.0,0.0,0,3,8,5,7.2,1.328,8,0,0,0.0,0.0,0,5,5,0.8,1.328,0,0,4,4,3.32,1.1288,4,0,0,0.0,0.0,0,4,5,1,4.12,0.2112,4,5.64,20.44,14.8,10.3446,1.04358,10.73,4.496,4.496,0.33322,0.5531452,0.0,0.0,2.1106628,2.1106628,1.751850124,0.59562904216,2.1106628,166,229,63,220.35,14.625,229,4,0.839404550857332,0.830852175514303,0.830010497661676,0.830000156577711,0.830000000331215,2.0,0.22,4.98,0.0,0.277777777777778,0.030555555555556,0.691666666666667,0.0,0.121553260650069,0.004437573207887,4.92650510635318,14.3,4,0.83,0.02,22.64,3.54080614549851,48.570701,7.63909110452407,1.8782,0.048824531784749,0.073841987814731,1.307,0.096511478073854,0.7,1.307,0.096511478073854,0.72,0.170272,0.07447504,0.07447504,127850.924875989,1932.75,125.971138708436,0.25,0.0,0.25,45.034,61852.19891975671,4.791355143928615,58000.0
Valid,MMG,683.0,730.0,1446.0,18000.0,0.453,,,,0.342883983090653,0.472337482710927,47.0,5,26,21,22.91,5.1294,26,55,83,28,58.34,5.5444,55,10.811,55.845,45.034,49.13959286,11.1309758524,55.845,317.3,2348.0,2030.7,1828.149,124.76424,1811.0,8,15,7,8.93,1.5438,8,2,4,2,3.71,0.4814,4,84,132,48,125.07,11.5038,132,1.83,2.19,0.36,1.8674,0.062084,1.83,2,0,2.0,0.0,2,3,3,0.25,0.415,0,0,6,6,4.98,1.6932,6,0,0,0.0,0.0,0,3,8,5,7.23,1.2782,8,0,0,0.0,0.0,0,5,5,0.77,1.2782,0,0,4,4,3.32,1.1288,4,0,0,0.0,0.0,0,3,5,2,4.09,0.2184,4,7.1725,22.5702380952,15.3977380952,10.852507142856,1.0865635714264,10.73,1.625,1.625,0.24709,0.4101694,0.0,0.0,2.1106628,2.1106628,1.751850124,0.59562904216,2.1106628,2,229,227,214.59,24.417,229,4,0.839404550857332,0.830852175514303,0.830010497661676,0.830000156577711,0.830000000331215,2.0,0.25,4.98,0.0,0.276625172890733,0.034578146611342,0.688796680497925,0.0,0.031880743083437,0.001950619713831,4.92650510635318,14.51,4,0.83,0.02,22.91,3.35928761197966,49.13959286,7.25284291143341,1.8674,0.038557508944433,0.068374101708092,1.316,0.089980317847849,0.55,1.316,0.089980317847849,0.36,0.128368,0.03151696,0.03151696,285781.895335129,1828.269,78.5675832573498,0.25,0.0,0.25,45.034,61079.030995611625,4.785892138459744,18000.0
Valid,MMG,783.0,832.0,1444.0,490.0,1.633,,,,0.373596766951055,0.542243767313019,49.0,5,26,21,22.27,5.6696,26,55,83,28,60.17,7.8584,55,10.811,55.845,45.034,47.5996831,12.532881688,55.845,317.3,2348.0,2030.7,1778.855,162.6894,1811.0,8,15,7,9.39,2.1128,8,2,4,2,3.66,0.5168,4,84,132,48,124.06,12.0688,132,1.83,2.19,0.36,1.8753,0.068856,1.83,2,0,2.0,0.0,2,3,3,0.43,0.6536,0,0,6,6,4.56,2.1888,6,0,0,0.0,0.0,0,3,8,5,6.99,1.5352,8,0,0,0.0,0.0,0,5,5,1.01,1.5352,0,0,4,4,3.04,1.4592,4,0,0,0.0,0.0,0,3,5,2,4.05,0.19,4,7.1725,22.5702380952,15.3977380952,11.84016190476,2.6209784761872,10.73,1.625,1.625,0.30322,0.4608944,0.0,0.0,2.1106628,2.1106628,1.604103728,0.76996978944,2.1106628,2,229,227,211.17,29.951,229,4,0.77343390150678,0.761068441831361,0.760009721779002,0.76000011017194,0.760000000159551,2.0,0.43,4.56,0.0,0.286123032904149,0.061516452074392,0.652360515021459,0.0,0.031880743083437,0.002294167938853,6.69590472559568,14.39,4,0.76,0.05,22.27,3.42121831808495,47.5996831,7.52182910570434,1.8753,0.041341021250085,0.071262244606751,1.298,0.092498393499563,0.55,1.298,0.092498393499563,0.36,0.150972,0.03711564,0.03711564,320935.141918639,1778.955,96.1884596708721,0.25,0.0,0.25,45.034,835.8660128777876,2.9221366667555055,490.0
Valid,MMG,790.0,858.0,1415.0,80.0,3.119,,,,0.389115646258503,0.558303886925795,68.0,5,72,67,22.78,7.4632,26,45,78,33,58.5,6.18,55,10.811,178.49,167.679,49.4771376,16.322120544,55.845,1687.0,2750.0,1063.0,1948.6,214.112,1811.0,4,14,10,8.98,1.8088,8,2,6,4,3.64,0.6816,4,84,175,91,123.48,16.2912,132,1.3,2.04,0.74,1.8582,0.074392,1.83,1,1,1.98,0.0392,2,2,2,0.24,0.3744,0,0,6,6,4.56,2.1312,6,14,14,0.28,0.5488,0,3,18,15,7.06,1.8288,8,1,1,0.02,0.0392,0,5,5,1.08,1.6848,0,0,8,8,3.24,1.4256,4,0,0,0.0,0.0,0,4,8,4,4.34,0.5168,4,7.1725,22.2,15.0275,10.5911,1.36744,10.73,1.524,1.524,0.32026,0.4996056,0.0,0.0,2.1106628,2.1106628,1.561890472,0.81218304544,2.1106628,166,229,63,215.66,20.7304,229,5,0.767333043730035,0.744852454903386,0.740213312224371,0.740011135305489,0.740000153891301,1.98,0.24,4.56,0.28,0.280453257790368,0.03399433427762,0.645892351274788,0.039660056657224,0.127942572485281,0.003611512973294,6.48051442241839,13.58,5,0.74,0.02,22.78,4.41084322097261,49.4771376,9.46588696224637,1.8582,0.043698097349885,0.093796233921923,1.288,0.120809549291436,0.7,1.288,0.120809549291436,0.74,0.196496,0.05919504,0.05919504,213349.40404121,1948.8,131.198564748247,0.6,0.0,0.6,167.679,1126.558957221301,3.05175392497762,80.0
Valid,MMG,785.0,835.0,1429.0,320.0,1.893,,,,0.377145438121048,0.549335199440168,50.0,5,41,36,22.424,6.63552,26,47,78,31,59.336,7.23072,55,10.811,92.90638,82.09538,48.1776472,14.619286656,55.845,1687.0,2750.0,1063.0,1913.984,191.877888,1811.0,5,14,9,9.176,2.02752,8,2,5,3,3.656,0.60288,4,84,164,80,124.352,14.18496,132,1.6,2.04,0.44,1.85776,0.0605952,1.83,1,1,1.96,0.0768,2,2,2,0.336,0.51072,0,0,6,6,4.48,2.1888,6,0,0,0.0,0.0,0,3,8,5,6.776,1.76256,8,1,1,0.04,0.0768,0,5,5,1.104,1.67808,0,0,6,6,3.12,1.4976,4,0,0,0.0,0.0,0,4,7,3,4.264,0.430848,4,7.1725,20.44,13.2675,11.44788,2.26505664,10.73,1.524,1.524,0.293664,0.44636928,0.0,0.0,2.1106628,2.1106628,1.519677216,0.85101924096,2.1106628,166,229,63,219.736,15.475968,229,4,0.741587486410066,0.722521202428519,0.720052216781626,0.720001393787191,0.720000007500675,1.96,0.336,4.48,0.0,0.289256198347107,0.049586776859504,0.661157024793389,0.0,0.047247390196789,0.00202493869574,7.22783457879106,13.912,4,0.72,0.04,22.424,3.75907644119563,48.1776472,8.14557151538539,1.85776,0.034798100763622,0.078424083500119,1.294,0.101480764049154,0.6,1.294,0.101480764049154,0.44,0.15542784,0.0326647296,0.0326647296,423545.540270097,1914.128,105.015057107281,0.5,0.0,0.5,82.09538,548.6369970141642,2.7392850906497204,320.0
Valid,MMG,844.0,880.0,1446.0,27.8,8.0,,,,0.384279475982533,0.583679114799447,36.0,5,68,63,24.52,8.0544,26,35,77,42,57.32,7.6656,55,10.811,167.259,156.448,53.83486,18.2617392,55.845,1770.0,3823.0,2053.0,2351.45,593.939,1811.0,3,14,11,8.52,2.1816,8,2,6,4,3.76,0.7392,4,76,189,113,125.99,20.0358,132,1.24,2.55,1.31,1.9595,0.24295,1.83,1,1,1.71,0.4118,2,2,2,0.36,0.5688,0,0,6,6,4.33,1.9918,6,12,12,0.24,0.4704,0,3,14,11,6.64,1.6,8,1,1,0.29,0.4118,0,5,5,0.9,1.422,0,0,5,5,3.37,1.5502,4,2,2,0.04,0.0784,0,2,6,4,4.6,0.86,4,5.64,30.585,24.945,10.91355,2.207199,10.73,4.496,4.496,0.76584,1.2100272,0.0,0.0,2.1106628,2.1106628,1.013118144,1.05364286976,2.1106628,166,229,63,219.27,14.9842,229,6,0.546808924579693,0.493666786168676,0.480775268636711,0.480052242104922,0.480001066535306,1.71,0.36,4.33,0.24,0.257530120481928,0.05421686746988,0.65210843373494,0.036144578313253,0.348856349613711,0.021092204380735,12.0039397415785,13.14,6,0.48,0.02,24.52,4.04286255022354,53.83206,9.32330548679504,1.9595,0.121433017544653,0.08828412169253,1.276,0.112650539279668,1.05,1.276,0.112650539279668,1.31,0.617708,0.360715,0.360715,78160.4681562102,2348.7,347.326193699813,0.5,0.166666666666667,0.666666666666667,156.448,223.53326574779473,2.3493421630637252,27.8
Valid,MG,,,,350000.0,,,,,,,,5,28,23,23.26,6.2084,26,55,72,17,60.38,4.4654,55,10.811,58.6934,47.8824,49.371306,13.11050404,55.845,1728.0,2348.0,620.0,1867.845,163.2527,1728.0,8,13,5,9.68,1.3944,8,2,4,2,3.66,0.5644,4,84,132,48,120.52,12.4168,124,1.83,2.04,0.21,1.8989,0.057187,1.83,2,0,2.0,0.0,2,1,1,0.17,0.2822,0,0,8,8,5.81,1.9754,6,0,0,0.0,0.0,0,3,10,7,7.98,1.6932,8,0,0,0.0,0.0,0,5,5,0.85,1.411,0,0,4,4,2.49,1.2533,2,0,0,0.0,0.0,0,2,5,3,3.34,1.1122,2,7.1725,10.73,3.5575,9.955075,0.9460755,10.32,1.524,1.524,0.25908,0.4300728,0.0,0.0,2.1106628,2.1106628,1.1230138625,0.819748618125,0.5953947,166,229,63,216.63,17.2142,225,3,0.611023731126705,0.528790108305214,0.477258420902623,0.458260469509334,0.44478894575758,2.0,0.17,5.81,0.0,0.25062656641604,0.021303258145364,0.728070175438596,0.0,0.010964447422522,0.001346326390252,8.57386032331192,14.96,3,0.415,0.17,23.26,3.84688659307758,49.371306,8.07190542711379,1.8989,0.037605641245696,0.071479538247168,1.28575,0.091904816301296,0.55,1.28575,0.091904816301296,0.21,0.15106,0.02162316,0.02162316,740691.910484445,1868.015,103.063586352085,0.666666666666667,0.0,0.666666666666667,47.8824,53667.217892755005,4.729709082055399,350000.0
Valid,MG,,,,180000.0,,,,,,,,5,26,21,22.49,5.5458,26,55,78,23,59.17,6.5886,55,10.811,55.845,45.034,48.11531,12.2129102,55.845,1687.0,2348.0,661.0,1857.67,107.8726,1811.0,8,14,6,9.15,1.817,8,2,4,2,3.68,0.5056,4,84,132,48,124.62,11.6604,132,1.83,2.04,0.21,1.8601,0.047558,1.83,2,0,2.0,0.0,2,2,2,0.31,0.4898,0,0,6,6,4.74,1.9908,6,0,0,0.0,0.0,0,3,8,5,7.05,1.501,8,0,0,0.0,0.0,0,5,5,0.95,1.501,0,0,4,4,3.16,1.3272,4,0,0,0.0,0.0,0,4,5,1,4.11,0.1958,4,7.1725,20.44,13.2675,11.309675,1.826065,10.73,1.524,1.524,0.24494,0.3870052,0.0,0.0,2.1106628,2.1106628,1.667423612,0.70031791704,2.1106628,166,229,63,221.87,12.2914,229,3,0.803865660418456,0.791243035892609,0.790013403933185,0.790000173289495,0.790000000299849,2.0,0.31,4.74,0.0,0.283687943262411,0.043971631205674,0.672340425531915,0.0,0.010964447422522,0.001103294390952,5.48155386994554,14.39,3,0.79,0.1,22.49,3.48011014480864,48.11531,7.62490829217295,1.8601,0.031192394297328,0.06875072633566,1.3095,0.090029076136546,0.55,1.3095,0.090029076136546,0.21,0.101276,0.01773996,0.01773996,574044.200095907,1857.78,67.65436846265,0.333333333333333,0.0,0.333333333333333,45.034,20449.27493534569,4.3106779139491875,180000.0
Valid,MG,,,,28000.0,,,,,,,,5,26,21,23.1,4.64,26,55,83,28,59.83,7.728,55,10.811,55.845,45.034,49.45935906,10.217025504,55.845,317.3,2348.0,2030.7,1654.409,347.64834,1811.0,8,15,7,9.26,2.016,8,2,4,2,3.73,0.432,4,84,132,48,125.39,10.576,132,1.83,2.19,0.36,1.8915,0.0984,1.83,2,0,2.0,0.0,2,3,3,0.46,0.736,0,0,6,6,4.8,1.92,6,0,0,0.0,0.0,0,3,8,5,7.26,1.184,8,0,0,0.0,0.0,0,5,5,0.74,1.184,0,0,4,4,3.2,1.28,4,0,0,0.0,0.0,0,3,5,2,3.94,0.2444,4,7.1725,22.5702380952,15.3977380952,12.020205952376,2.74300835713424,10.73,1.625,1.625,0.31793,0.508688,0.0,0.0,2.1106628,2.1106628,1.68853024,0.675412096,2.1106628,2,229,227,195.08,54.272,229,3,0.81351090957651,0.801320735040456,0.800018949297601,0.800000346439783,0.80000000102923,2.0,0.46,4.8,0.0,0.275482093663912,0.0633608815427,0.661157024793388,0.0,0.031880743083437,0.00398065014105,5.23721142004203,14.84,3,0.8,0.07,23.1,2.84543458895122,49.45935906,6.26027424392335,1.8915,0.063517903381645,0.067854105954346,1.3095,0.088854951747216,0.55,1.3095,0.088854951747216,0.36,0.20226,0.064611,0.064611,134108.066937296,1654.479,219.683440241621,0.333333333333333,0.0,0.333333333333333,45.034,34475.80220902086,4.537514380457683,28000.0
Valid,MG,629.0,641.0,1004.0,1000000000.0,,,,,0.392529087568892,0.626494023904382,12.0,13,64,51,45.0,22.8,64,27,73,46,43.9,20.28,27,26.9815386,157.25,130.2684614,108.33778108,58.694662704,157.25,933.47,1768.0,834.53,1408.441,284.9826,1586.0,3,13,10,6.6,4.32,3,3,6,3,4.9,1.32,6,121,196,75,166.5,35.4,196,1.2,1.88,0.68,1.391,0.2292,1.2,2,0,2.0,0.0,2,1,1,0.3,0.42,0,0,7,7,1.3,1.14,1,7,7,4.2,3.36,7,3,10,7,7.8,2.88,10,0,0,0.0,0.0,0,5,5,1.5,2.1,0,0,9,9,5.7,3.96,9,7,7,4.2,3.36,7,3,16,13,11.4,5.52,16,10.245,32.05,21.805,25.1985,8.2218,32.05,0.0,0.0,0.0,0.0,0.0,0.0,1.5484712,1.5484712,0.15484712,0.278724816,0.0,194,225,31,203.3,13.02,194,3,0.678232998312527,0.624879976952624,0.603719041214299,0.600667715689084,0.600058569008127,2.0,0.3,1.3,4.2,0.256410256410256,0.038461538461539,0.166666666666667,0.538461538461538,0.109168515365691,0.014499663149418,7.46593616245221,11.6,3,0.6,0.1,45.0,15.0119952038362,108.33778108,38.4885622735281,1.391,0.14085758765505,0.103067926669794,1.59,0.163878003404972,0.55,1.59,0.163878003404972,0.68,0.4908,0.240756,0.240756,43657.6909104621,1407.841,181.241174189697,0.333333333333333,0.333333333333333,1.0,130.2684614,135226.29677441865,5.1310611548711655,1000000000.0
Violation: Tg >= Tx,MMG,445.6,457.3,725.2,7.26101,2.0,445.6,457.3,725.2,0.390587632388111,0.614451185879757,11.7,13,57,44,40.4,18.26,57,13,73,60,38.2,27.72,13,26.9815386,138.90547,111.9239314,95.85259315,47.358164535,138.90547,933.47,1357.77,424.3,1161.0715,113.80075,1193.0,3,13,10,7.1,4.51,3,3,6,3,4.85,1.265,6,121,207,86,170.5,40.15,207,1.1,1.9,0.8,1.3875,0.31625,1.1,1,1,1.8,0.32,2,1,1,0.25,0.375,0,0,10,10,2.55,2.98,1,0,0,0.0,0.0,0,3,11,8,4.6,2.56,3,1,1,0.2,0.32,0,5,5,1.25,1.875,0,0,9,9,4.95,4.455,9,0,0,0.0,0.0,0,1,9,8,6.4,2.86,9,11.07,36.8975,25.8275,26.627625,11.2968625,36.8975,0.0,0.0,0.0,0.0,0.0,0.0,0.0,0.0,0.0,0.0,0.0,194,225,31,207.95,15.345,194,3,0.636396103067893,0.574889707894483,0.552805064217633,0.550380266539205,0.550022927083183,1.8,0.25,2.55,0.0,0.391304347826087,0.054347826086957,0.554347826086957,0.0,0.147856211033789,0.025960903908398,8.29177679964868,12.6,3,0.55,0.2,40.4,11.6394931161112,95.85259315,29.9816437198869,1.3875,0.196478767936894,0.121294672841602,1.655,0.200742683552851,0.7,1.655,0.200742683552851,0.8,0.6905,0.441475,0.441475,21807.2274226434,1161.0715,71.3697553427658,0.666666666666667,0.333333333333333,1.0,111.9239314,4.030060776273799,0.6053115956699715,7.26101
Valid,NAN,391.6,548.8,929.9,3.86101,3.0,,,,0.415285660234582,0.421120550596838,157.2,13,57,44,45.24,15.5232,57,13,73,60,31.6,24.552,13,26.9815386,138.90547,111.9239314,108.164225604,40.57844260272,138.90547,933.47,1357.77,424.3,1189.6198,71.7219439999999,1193.0,3,13,10,6.0,3.96,3,3,6,3,5.18,1.0824,6,121,207,86,179.96,35.6928,207,1.1,1.9,0.8,1.3314,0.305448,1.1,1,1,1.8,0.32,2,1,1,0.14,0.2408,0,0,10,10,2.66,2.936,1,0,0,0.0,0.0,0,3,11,8,4.6,2.56,3,1,1,0.2,0.32,0,5,5,0.7,1.204,0,0,9,9,5.94,4.0392,9,0,0,0.0,0.0,0,1,9,8,6.84,2.8512,9,11.07,36.8975,25.8275,28.87355,10.591614,36.8975,0.0,0.0,0.0,0.0,0.0,0.0,0.0,0.0,0.0,0.0,0.0,194,225,31,204.54,13.9128,194,3,0.703704483430367,0.668121268337108,0.660393509504121,0.660023942555278,0.66000044309913,1.8,0.14,2.66,0.0,0.391304347826087,0.030434782608696,0.578260869565218,0.0,0.147856211033789,0.025916705275933,7.24508616368377,12.6,3,0.66,0.14,45.24,9.54801149559425,108.164225604,24.9090398284167,1.3314,0.194366073665133,0.101806661486291,1.732,0.176329137694256,0.7,1.732,0.176329137694256,0.8,0.643376,0.44347216,0.44347216,19435.0372591705,1189.6198,49.2134733662948,0.666666666666667,0.333333333333333,1.0,111.9239314,4.12206919935679,0.6151152782356606,3.86101
Violation: Tg >= Tx,MMG,449.0,484.5,734.0,6.86101,,449.0,484.5,734,0.409551986475063,0.611716621253406,35.5,13,57,44,40.2,18.48,57,13,73,60,37.6,27.06,13,26.9815386,138.90547,111.9239314,94.88207315,48.425736535,138.90547,933.47,1728.0,794.53,1235.1175,197.153,1193.0,3,13,10,6.9,4.29,3,3,6,3,4.85,1.265,6,121,207,86,168.9,41.91,207,1.1,1.91,0.81,1.3895,0.31845,1.1,2,0,2.0,0.0,2,1,1,0.25,0.375,0,0,8,8,2.15,2.34,1,0,0,0.0,0.0,0,3,10,7,4.4,2.24,3,0,0,0.0,0.0,0,5,5,1.25,1.875,0,0,9,9,5.35,4.015,9,0,0,0.0,0.0,0,2,9,7,6.6,2.64,9,10.32,36.8975,26.5775,26.477625,11.4618625,36.8975,0.0,0.0,0.0,0.0,0.0,0.0,0.5953947,0.5953947,0.11907894,0.190526304,0.0,194,225,31,207.95,15.345,194,3,0.636396103067893,0.574889707894483,0.552805064217633,0.550380266539205,0.550022927083183,2.0,0.25,2.15,0.0,0.454545454545455,0.056818181818182,0.488636363636364,0.0,0.151279196405111,0.026409594659644,8.29177679964868,12.4,3,0.55,0.2,40.2,11.72907498484,94.88207315,30.4434386087478,1.3895,0.198061041727039,0.121294672841602,1.655,0.200742683552851,0.7,1.655,0.200742683552851,0.81,0.6969,0.449739,0.449739,22771.6934295609,1235.1175,126.257186308963,0.666666666666667,0.333333333333333,1.0,111.9239314,64.90759747077426,1.812295534188962,6.86101
Violation: Tg >= Tx,MMG,446.0,467.0,738.0,22.5,10.0,446.0,467,738,0.394425675675676,0.604336043360434,21.0,13,57,44,40.3,18.37,57,13,73,60,37.9,27.39,13,26.9815386,138.90547,111.9239314,95.36733315,47.891950535,138.90547,933.47,1728.0,794.53,1198.0945,137.9162,1193.0,3,13,10,7.0,4.4,3,3,6,3,4.85,1.265,6,121,207,86,169.7,41.03,207,1.1,1.91,0.81,1.3885,0.31735,1.1,1,1,1.9,0.18,2,1,1,0.25,0.375,0,0,10,10,2.35,2.66,1,0,0,0.0,0.0,0,3,11,8,4.5,2.4,3,1,1,0.1,0.18,0,5,5,1.25,1.875,0,0,9,9,5.15,4.235,9,0,0,0.0,0.0,0,1,9,8,6.5,2.75,9,10.32,36.8975,26.5775,26.552625,11.3793625,36.8975,0.0,0.0,0.0,0.0,0.0,0.0,0.5953947,0.5953947,0.05953947,0.107171046,0.0,194,225,31,207.95,15.345,194,4,0.620483682299543,0.568773395970313,0.552161080256276,0.550315485377846,0.550020708725146,1.9,0.25,2.35,0.0,0.422222222222222,0.055555555555556,0.522222222222222,0.0,0.151279196405111,0.026185499280896,9.44440606397747,12.5,4,0.55,0.1,40.3,11.5643698488072,95.36733315,29.8206980751246,1.3885,0.183248714183756,0.118461560664395,1.655,0.196053882899574,0.7,1.655,0.196053882899574,0.81,0.6941,0.445611,0.445611,25392.7550284725,1198.0945,86.2985804125494,0.75,0.25,1.0,111.9239314,4.2738489115046,0.6308191649830208,22.5
Valid,MMG,430.0,,,35.9,,,,,,,,13,58,45,43.2,17.16,57,13,73,60,33.85,23.82,13,26.9815386,140.116,113.1344614,102.48697054,44.428517352,138.90547,933.47,1768.0,834.53,1261.2205,253.38975,1071.0,3,13,10,6.0,3.6,3,3,6,3,5.05,1.14,6,121,207,86,172.95,39.06,204,1.1,1.88,0.78,1.3775,0.321,1.1,2,0,2.0,0.0,2,1,1,0.15,0.255,0,0,7,7,2.35,2.325,1,1,1,0.3,0.42,0,3,9,6,4.8,2.1,3,0,0,0.0,0.0,0,5,5,0.75,1.275,0,0,9,9,6.15,3.42,9,13,13,3.9,5.46,0,3,22,19,10.8,6.72,9,10.245,37.24,26.995,27.2745,11.7531,36.8975,0.0,0.0,0.0,0.0,0.0,0.0,1.5484712,1.5484712,0.3871178,0.5806767,0.0,194,225,31,198.65,7.905,194,4,0.51478150704935,0.417933919638123,0.358388636337074,0.337630849028698,0.32405334425044,2.0,0.15,2.35,0.3,0.416666666666667,0.03125,0.489583333333333,0.0625,0.141097613792152,0.026807632052154,11.2538352651994,12.5,4,0.3,0.15,43.2,8.58933059091336,102.48697054,22.2178954315792,1.3775,0.172904688340137,0.085923939993488,1.665,0.143063360089158,0.7,1.665,0.143063360089158,0.78,0.6897,0.456915,0.456915,31041.7458133848,1260.3205,149.161281772588,0.5,0.5,1.0,113.1344614,83.80574402840217,1.9232737861045883,35.9
Valid,MMG,437.0,492.0,,34.5,0.07,,,,,,55.0,13,58,45,42.6,17.88,57,13,73,60,34.9,25.08,13,26.9815386,140.116,113.1344614,100.86540822,46.374392136,138.90547,933.47,1768.0,834.53,1215.494,213.0024,1071.0,3,13,10,6.3,3.96,3,3,6,3,5.0,1.2,6,121,207,86,172.5,39.6,204,1.1,1.91,0.81,1.367,0.3084,1.1,2,0,2.0,0.0,2,1,1,0.2,0.32,0,0,8,8,2.1,2.16,1,1,1,0.3,0.42,0,3,10,7,4.6,1.96,3,0,0,0.0,0.0,0,5,5,1.0,1.6,0,0,9,9,5.9,3.72,9,13,13,3.9,5.46,0,2,22,20,10.8,6.72,9,10.245,37.24,26.995,27.59375,11.37,36.8975,0.0,0.0,0.0,0.0,0.0,0.0,1.5484712,1.5484712,0.21438659,0.343018544,0.0,194,225,31,203.3,13.02,194,5,0.489897948556636,0.4,0.349301675418115,0.332615609019335,0.321810290063064,2.0,0.2,2.1,0.3,0.434782608695652,0.043478260869565,0.456521739130435,0.065217391304348,0.151279196405111,0.025229247917915,12.5115059329022,12.3,5,0.3,0.1,42.6,8.92291432212593,100.86540822,22.860662903926,1.367,0.140886337165816,0.084044241092026,1.66,0.139513440212762,0.7,1.66,0.139513440212762,0.81,0.6708,0.429204,0.429204,35406.0074860254,1214.594,104.094747716876,0.6,0.4,1.0,113.1344614,73.95947724737377,1.86899383286324,34.5
Valid,NAN,474.0,499.0,,5.06101,9.0,,,,,,25.0,12,57,45,21.73,13.622,12,13,68,55,57.74,15.2116,68,24.305,138.90547,114.60047,48.2575719,33.53360066,24.305,923.0,1728.0,805.0,1073.55,210.77,923.0,2,10,8,3.21,1.7654,2,3,6,3,3.64,0.896,3,124,207,83,150.01,19.3766,141,1.1,1.91,0.81,1.3523,0.145002,1.31,2,0,2.0,0.0,2,0,0,0.0,0.0,0,0,8,8,1.21,1.7654,0,0,0,0.0,0.0,0,2,10,8,3.21,1.7654,2,0,0,0.0,0.0,0,0,0,0.0,0.0,0,0,9,9,1.79,2.506,0,0,0,0.0,0.0,0,0,9,9,1.79,2.506,0,10.32,36.8975,26.5775,23.637175,4.5085105,22.89,0.0,0.0,0.0,0.0,0.0,0.0,0.5953947,0.5953947,0.077401311,0.13467828114,0.0,194,225,31,198.03,7.0122,194,3,0.731983606373804,0.704803694317249,0.700149136771721,0.700005744393957,0.700000053374452,2.0,0.0,1.21,0.0,0.623052959501558,0.0,0.376947040498442,0.0,0.151279196405111,0.012480301624151,6.78571423419835,11.21,3,0.7,0.13,21.73,9.11070391462702,48.2575719,22.8131236488787,1.3523,0.089290452916311,0.052883199332431,1.557,0.082339141360595,0.6,1.557,0.082339141360595,0.81,0.389964,0.21003084,0.21003084,34684.4468940321,1073.55,136.955114287492,0.666666666666667,0.333333333333333,1.0,114.60047,39.875070463696545,1.6007014635126995,5.06101
Valid,MMG,469.4,485.0,815.0,3.06101,2.8,,,,0.377608221737776,0.575950920245399,15.6,12,60,48,21.6,13.44,12,19,68,49,59.6,12.18,68,24.305,144.242,119.937,47.45381,32.408334,24.305,923.0,1728.0,805.0,1099.4,246.96,923.0,2,10,8,3.35,1.995,2,3,6,3,3.6,0.84,3,124,201,77,147.45,16.065,141,1.14,1.91,0.77,1.3745,0.16065,1.31,2,0,2.0,0.0,2,0,0,0.0,0.0,0,0,8,8,1.2,2.04,0,4,4,0.6,1.02,0,2,10,8,3.8,2.52,2,0,0,0.0,0.0,0,0,0,0.0,0.0,0,0,2,2,0.3,0.51,0,10,10,1.5,2.55,0,0,10,10,1.8,2.52,0,10.32,34.81,24.49,22.7925,3.74175,22.89,0.0,0.0,0.0,0.0,0.0,0.0,0.5953947,0.5953947,0.089309205,0.1518256485,0.0,194,225,31,198.65,7.905,194,3,0.73143694191639,0.704562040413001,0.700126464084576,0.700004149299713,0.700000028579863,2.0,0.0,1.2,0.6,0.526315789473684,0.0,0.31578947368421,0.157894736842105,0.137762910230166,0.0128927820821,6.80795230069287,11.2,3,0.7,0.15,21.6,8.90267375567587,47.45381,21.8219241948982,1.3745,0.098630161461898,0.03852329942037,1.53,0.058940648113166,0.5,1.53,0.058940648113166,0.77,0.3927,0.216699,0.216699,34553.5804866774,1099.85,158.359130736121,0.333333333333333,0.333333333333333,1.0,119.937,3.228508764914675,0.5090019697875174,3.06101
Valid,MMG,422.0,491.7,848.9,1.36103,1.5,,,,0.386891179479109,0.497113912121569,69.7,12,64,52,22.48,12.7856,12,27,68,41,62.37,7.7814,68,24.305,157.25,132.945,49.91643,31.2459446,24.305,923.0,1586.0,663.0,1117.6656,237.492032,923.0,2,11,9,4.63,3.5672,2,3,6,3,3.61,0.7442,3,132,196,64,144.53,11.3234,141,1.2,1.9,0.7,1.4631,0.244664,1.31,1,1,1.72,0.4032,2,0,0,0.0,0.0,0,0,10,10,2.91,3.9704,0,7,7,0.77,1.3706,0,2,11,9,5.4,4.148,2,1,1,0.28,0.4032,0,0,0,0.0,0.0,0,0,9,9,0.99,1.7622,0,7,7,0.77,1.3706,0,0,16,16,2.04,3.0712,0,11.07,32.05,20.98,20.588,5.33008,22.89,0.0,0.0,0.0,0.0,0.0,0.0,0.0,0.0,0.0,0.0,0.0,194,225,31,202.68,12.4992,194,3,0.680147042925278,0.630182193043349,0.612488868894475,0.610373987489903,0.61002532612147,1.72,0.0,2.91,0.77,0.318518518518518,0.0,0.538888888888889,0.142592592592593,0.115294095056516,0.017989195161729,7.48926372702611,12.63,3,0.61,0.11,22.48,8.0659793602513,49.91643,19.9509209307284,1.4631,0.156603252156525,0.035133769270822,1.491,0.052384449982796,0.45,1.491,0.052384449982796,0.7,0.518852,0.30143756,0.30143756,27765.8451653707,1117.5556,145.782367381592,0.333333333333333,0.333333333333333,1.0,132.945,4.594589018896493,0.6622466702797123,1.36103
Valid,MMG,413.0,483.0,737.0,4.66101,12.0,,,,0.42,0.560379918588874,70.0,12,64,52,21.45,12.285,12,27,68,41,62.9,7.18,68,24.305,157.25,132.945,47.40975,30.036175,24.305,923.0,1586.0,663.0,1097.9925,227.49025,923.0,2,11,9,4.35,3.325,2,3,6,3,3.55,0.715,3,132,196,64,144.25,10.35,141,1.2,1.9,0.7,1.4465,0.22675,1.31,1,1,1.75,0.375,2,0,0,0.0,0.0,0,0,10,10,2.6,3.7,0,7,7,0.7,1.26,0,2,11,9,5.05,3.965,2,1,1,0.25,0.375,0,0,0,0.0,0.0,0,0,9,9,0.9,1.62,0,7,7,0.7,1.26,0,0,16,16,1.85,2.83,0,11.07,32.05,20.98,20.851,4.8905,22.89,0.0,0.0,0.0,0.0,0.0,0.0,0.0,0.0,0.0,0.0,0.0,194,225,31,201.75,11.625,194,3,0.703562363973514,0.662860252625408,0.651101613115812,0.650115739299027,0.650004604808443,1.75,0.0,2.6,0.7,0.346534653465347,0.0,0.514851485148515,0.138613861386139,0.115294095056516,0.016622376194512,7.12417242295692,12.35,3,0.65,0.1,21.45,7.70700898533277,47.40975,19.0385245650021,1.4465,0.146060394186788,0.031700139844964,1.4925,0.047312458718608,0.45,1.4925,0.047312458718608,0.7,0.4821,0.278411,0.278411,28093.6294609162,1097.8925,139.702998083322,0.333333333333333,0.333333333333333,1.0,132.945,2.918932031779269,0.46522398242656315,4.66101
Valid,MMG,422.0,473.0,739.0,1.86102,7.0,,,,0.407407407407407,0.571041948579161,51.0,12,68,56,21.85,12.805,12,35,68,33,63.7,5.74,68,24.305,167.259,142.954,48.41065,31.337345,24.305,923.0,1770.0,847.0,1116.3925,251.41025,923.0,2,11,9,4.35,3.325,2,3,6,3,3.55,0.715,3,132,189,57,143.55,9.09000000000001,141,1.24,1.9,0.66,1.4505,0.22475,1.31,1,1,1.75,0.375,2,0,0,0.0,0.0,0,0,10,10,2.5,3.75,0,12,12,1.2,2.16,0,2,14,12,5.45,4.485,2,1,1,0.25,0.375,0,0,0,0.0,0.0,0,0,0,0,0.0,0.0,0,2,2,0.2,0.36,0,0,2,2,0.45,0.585,0,11.07,30.585,19.515,20.7045,4.81725,22.89,0.0,0.0,0.0,0.0,0.0,0.0,0.0,0.0,0.0,0.0,0.0,194,225,31,201.75,11.625,194,3,0.703562363973514,0.662860252625408,0.651101613115812,0.650115739299027,0.650004604808443,1.75,0.0,2.5,1.2,0.321100917431193,0.0,0.458715596330275,0.220183486238532,0.103179904976213,0.016202769787766,7.12417242295692,12.25,3,0.65,0.1,21.85,8.09230421449911,48.41065,20.0268326780819,1.4505,0.146326685023614,0.029585322255939,1.4875,0.04400816685571,0.4,1.4875,0.04400816685571,0.66,0.4677,0.271099,0.271099,29421.6135560071,1119.5925,156.624936475546,0.333333333333333,0.333333333333333,1.0,142.954,4.405434558529304,0.643988754306049,1.86102
Valid,MMG,418.0,492.0,750.0,1.0,3.0,,,,0.421232876712329,0.557333333333333,74.0,12,64,52,21.79,12.3354,12,27,68,41,62.82,7.164,68,24.305,157.25,132.945,48.19457,30.1008582,24.305,923.0,1586.0,663.0,1106.6879,231.446754,923.0,2,11,9,4.53,3.4938,2,3,6,3,3.57,0.7182,3,132,196,64,144.07,10.386,141,1.2,1.9,0.7,1.4583,0.238518,1.31,1,1,1.73,0.3942,2,0,0,0.0,0.0,0,0,10,10,2.8,3.888,0,7,7,0.7,1.26,0,2,11,9,5.23,4.0698,2,1,1,0.27,0.3942,0,0,0,0.0,0.0,0,0,9,9,0.9,1.62,0,7,7,0.7,1.26,0,0,16,16,1.87,2.826,0,11.07,32.05,20.98,20.6146,5.154084,22.89,0.0,0.0,0.0,0.0,0.0,0.0,0.0,0.0,0.0,0.0,0.0,194,225,31,202.37,12.2202,194,3,0.692675970421957,0.646912378136852,0.631823846302876,0.630238960312693,0.630013169004238,1.73,0.0,2.8,0.7,0.330783938814531,0.0,0.535372848948375,0.133843212237094,0.115294095056516,0.017480351765689,7.27399779384101,12.53,3,0.63,0.1,21.79,7.72314736231285,48.19457,19.0427509830105,1.4583,0.153684338896323,0.033071264379662,1.4895,0.049259648293507,0.45,1.4895,0.049259648293507,0.7,0.504756,0.29281644,0.29281644,27489.2965137602,1106.5879,142.35709885573,0.333333333333333,0.333333333333333,1.0,132.945,4.628738423527446,0.6654626388885685,1.0
Valid,MMG,853.0,891.0,1390.0,110000.0,1.5,,,,0.397235844850646,0.613669064748201,38.0,28,41,13,33.0,6.0,28,44,61,17,54.8,7.44,61,58.6934,92.90638,34.21298,72.042116,16.0184592,58.6934,1728.0,2750.0,1022.0,2012.4,341.28,1728.0,4,10,6,7.8,2.64,10,4,5,1,4.4,0.48,4,124,175,51,142.2,21.84,124,1.33,1.91,0.58,1.732,0.2136,1.91,1,1,1.8,0.32,2,0,0,0.0,0.0,0,2,8,6,6.0,2.4,8,0,0,0.0,0.0,0,4,10,6,7.8,2.64,10,1,1,0.2,0.32,0,0,0,0.0,0.0,0,2,8,6,4.0,2.4,2,0,0,0.0,0.0,0,2,8,6,4.2,2.64,2,10.32,23.195,12.875,14.467,4.9764,10.32,0.0,0.0,0.0,0.0,0.0,0.0,0.5953947,0.5953947,0.35723682,0.285789456,0.5953947,194,229,35,219.6,10.24,225,3,0.66332495807108,0.614463365137169,0.600984418749166,0.600078354559703,0.600002032179564,1.8,0.0,6.0,0.0,0.230769230769231,0.0,0.769230769230769,0.0,0.080660682433482,0.013250322702183,7.90098887558705,15.8,3,0.6,0.2,33.0,3.67695526217005,72.042116,9.81214789062834,1.732,0.136262100380113,0.032839253624937,1.41,0.046303347611161,0.2,1.41,0.046303347611161,0.58,0.4704,0.219264,0.219264,72515.0960173986,2012.4,226.748085769208,1.0,0.0,1.0,34.21298,4684.932354346257,3.6707033244988794,110000.0
Valid,MMG,609.0,645.5,995.8,1800.0,25.0,,,,0.402230807577268,0.611568588069894,36.5,14,46,32,40.23,9.1166,46,62,83,21,64.77,4.469,62,28.0855,106.42,78.3345,92.2417981,22.401559002,106.42,317.3,1828.05,1510.75,1710.1907,186.217694,1828.05,10,15,5,10.71,1.1218,10,3,5,2,4.64,0.5688,5,107,139,32,134.18,7.6156,139,1.9,2.2,0.3,2.1515,0.08048,2.2,0,2,0.36,0.5688,0,3,3,0.35,0.595,0,0,10,10,8.5,2.55,10,0,0,0.0,0.0,0,4,11,7,9.21,1.463,10,1,1,0.06,0.1128,0,4,4,0.55,0.935,0,0,0,0,0.0,0.0,0,0,0,0.0,0.0,0,0,4,4,0.61,0.9638,0,11.07,22.5702380952,11.5002380952,15.22061190476,1.778840238092,14.41,1.625,1.625,0.15855,0.269535,0.0,0.0,0.0,0.0,0.0,0.0,0.0,2,227,225,214.05,21.205,225,4,0.800124990235901,0.790715583001481,0.790005694437515,0.790000060872029,0.790000000084022,0.36,0.35,8.5,0.0,0.039087947882736,0.03800217155266,0.922909880564604,0.0,0.022248762806664,0.002979675231208,6.11171544120195,31.43,4,0.79,0.05,40.23,5.45010243756941,92.2417981,13.3778403971196,2.1515,0.048290531680651,0.038319446131423,1.347,0.051616293939027,0.4,1.347,0.051616293939027,0.3,0.16254,0.048211,0.048211,216801.122324224,1710.1907,118.203713943087,0.5,0.0,0.5,78.3345,16.45363591606047,1.2162618830640555,1800.0
Valid,MMG,636.1,682.0,995.0,125.0,5.0,,,,0.418122739255717,0.63929648241206,45.9,14,46,32,39.7,9.765,46,62,78,16,64.76,4.3692,62,28.0855,106.42,78.3345,90.9223675,24.021330375,106.42,1357.77,1828.05,470.28,1776.55995,79.8095775,1828.05,10,14,4,10.72,1.116,10,3,5,2,4.61,0.6045,5,111,139,28,133.96,7.812,139,1.9,2.2,0.3,2.1325,0.104625,2.2,0,2,0.39,0.6045,0,2,2,0.33,0.5511,0,0,10,10,8.35,2.7555,10,0,0,0.0,0.0,0,4,11,7,9.07,1.6731,10,1,1,0.06,0.1128,0,4,4,0.66,1.1022,0,0,0,0,0.0,0.0,0,0,0,0.0,0.0,0,0,4,4,0.72,1.116,0,11.07,20.44,9.37,15.20455,1.7276985,14.41,0.773,0.773,0.127545,0.21300015,0.0,0.0,0.0,0.0,0.0,0.0,0.0,225,227,2,225.33,0.551100000000008,225,3,0.794638282490845,0.777604143023673,0.775068221152458,0.775002197053559,0.775000014830017,0.39,0.33,8.35,0.0,0.042998897464168,0.03638368246968,0.920617420066152,0.0,0.022248762806664,0.003879628014412,5.51784950141382,31.02,3,0.775,0.06,39.7,6.49867759624987,90.9223675,15.9515297693769,2.1325,0.066354212846661,0.042780833444147,1.3475,0.057647173065988,0.3,1.3475,0.057647173065988,0.3,0.20925,0.062775,0.062775,156157.553710603,1776.55995,49.4181095562214,0.666666666666667,0.0,0.666666666666667,78.3345,15.95004099234012,1.2027618035514593,125.0
Valid,MMG,652.0,684.3,1101.3,1.06102,0.75,,,,0.390292591113899,0.592027603741033,32.3,14,46,32,38.68,10.4676,46,62,78,16,64.88,4.3296,62,28.0855,106.42,78.3345,88.3499275,25.840203675,106.42,1357.77,1828.05,470.28,1748.34315,113.9807955,1828.05,10,14,4,10.78,1.1154,10,3,5,2,4.55,0.6435,5,111,139,28,133.54,7.8078,139,1.9,2.2,0.3,2.1145,0.122265,2.2,0,2,0.45,0.6435,0,2,2,0.33,0.5511,0,0,10,10,8.35,2.7555,10,0,0,0.0,0.0,0,4,11,7,9.13,1.6929,10,1,1,0.12,0.2112,0,4,4,0.66,1.1022,0,0,0,0,0.0,0.0,0,0,0,0.0,0.0,0,0,4,4,0.78,1.1154,0,11.07,20.44,9.37,15.00415,1.7938305,14.41,0.773,0.773,0.127545,0.21300015,0.0,0.0,0.0,0.0,0.0,0.0,0.0,225,227,2,225.33,0.551100000000008,225,3,0.743538835569468,0.719032909422483,0.715112595670107,0.715003943081638,0.715000031893447,0.45,0.33,8.35,0.0,0.049288061336254,0.036144578313253,0.914567360350493,0.0,0.022248762806664,0.004533741640928,6.58167247450398,30.0,3,0.715,0.12,38.68,6.73236881342667,88.3499275,16.5729961430454,2.1145,0.075182173502101,0.042091478884618,1.3445,0.056591993360369,0.3,1.3445,0.056591993360369,0.3,0.24453,0.073359,0.073359,156859.03551283,1748.34315,74.4784195138436,0.666666666666667,0.0,0.666666666666667,78.3345,15.671583770696532,1.1951128884990454,1.06102
Valid,MMG,636.8,680.0,1154.0,5.06102,2.0,,,,0.379718561536743,0.551819757365685,43.2000000000001,14,46,32,39.02,10.2606,46,62,78,16,64.84,4.3428,62,28.0855,106.42,78.3345,89.2074075,25.302510975,106.42,1357.77,1828.05,470.28,1757.74875,103.3428375,1828.05,10,14,4,10.76,1.1172,10,3,5,2,4.57,0.6321,5,111,139,28,133.68,7.8204,139,1.9,2.2,0.3,2.1205,0.116865,2.2,0,2,0.43,0.6321,0,2,2,0.33,0.5511,0,0,10,10,8.35,2.7555,10,0,0,0.0,0.0,0,4,11,7,9.11,1.6863,10,1,1,0.1,0.18,0,4,4,0.66,1.1022,0,0,0,0,0.0,0.0,0,0,0,0.0,0.0,0,0,4,4,0.76,1.1172,0,11.07,20.44,9.37,15.07095,1.7717865,14.41,0.773,0.773,0.127545,0.21300015,0.0,0.0,0.0,0.0,0.0,0.0,0.0,225,227,2,225.33,0.551100000000008,225,3,0.759901309381685,0.738373283250694,0.73509064151186,0.735003107503053,0.735000024051785,0.43,0.33,8.35,0.0,0.047200878155873,0.03622392974753,0.916575192096597,0.0,0.022248762806664,0.004333502775668,6.26787793421435,30.34,3,0.735,0.1,39.02,6.6608440140871,89.2074075,16.381357789492,2.1205,0.0722789448076,0.042341675014181,1.3455,0.05697072373158,0.3,1.3455,0.05697072373158,0.3,0.23373,0.070119,0.070119,157123.669816465,1757.74875,66.3779868920159,0.666666666666667,0.0,0.666666666666667,78.3345,15.746330915757,1.1971793740828276,5.06102
Valid,MMG,614.0,678.0,,0.1,73.0,,,,,,64.0,14,47,33,40.41,8.964,46,62,83,21,64.78,4.4704,62,28.0855,107.8682,79.7827,92.6850201,22.00493184,106.42,317.3,1828.05,1510.75,1708.9623,188.158566,1828.05,10,15,5,10.71,1.1218,10,3,5,2,4.65,0.56,5,107,145,38,134.31,7.624,139,1.9,2.2,0.3,2.1518,0.079976,2.2,0,2,0.36,0.5688,0,3,3,0.35,0.595,0,0,10,10,8.5,2.55,10,0,0,0.0,0.0,0,4,11,7,9.21,1.463,10,1,1,0.06,0.1128,0,4,4,0.55,0.935,0,0,0,0,0.0,0.0,0,0,0,0.0,0.0,0,0,4,4,0.61,0.9638,0,11.07,22.5702380952,11.5002380952,15.27321190476,1.7841959999968,14.41,1.625,1.625,0.15855,0.269535,0.0,0.0,0.0,0.0,0.0,0.0,0.0,2,227,225,214.05,21.205,225,5,0.799499843652267,0.790667597833992,0.790005455677101,0.790000059686036,0.7900000000836,0.36,0.35,8.5,0.0,0.039087947882736,0.03800217155266,0.922909880564604,0.0,0.022248762806664,0.002944897146528,6.33648590090048,31.43,5,0.79,0.01,40.41,5.3311165359613,92.6850201,13.0818079165757,2.1518,0.047445149467569,0.037241191236657,1.3495,0.050256987573869,0.6,1.3495,0.050256987573869,0.3,0.161712,0.04764304,0.04764304,227290.607796923,1708.9623,118.441359120042,0.6,0.0,0.6,79.7827,16.54859020162003,1.2187610015113592,0.1
Valid,MMG,580.0,684.0,,0.067,80.0,,,,,,104.0,15,78,63,39.2,18.24,15,61,83,22,66.6,6.56,61,30.973762,195.084,164.110238,90.9434324,47.84685408,30.973762,317.3,2041.4,1724.1,1454.504,493.5752,317.3,10,15,5,11.2,1.52,10,3,6,3,4.4,0.88,3,107,139,32,127.6,9.68,107,1.9,2.28,0.38,2.096,0.1528,1.9,0,2,1.2,0.64,0,3,3,0.6,0.96,0,0,10,10,7.4,2.96,0,14,14,2.8,4.48,0,5,24,19,12.0,4.8,5,1,1,0.4,0.48,0,3,3,0.6,0.96,0,0,2,2,0.6,0.72,0,0,0,0.0,0.0,0,0,3,3,1.6,0.88,0,10.32,22.5702380952,12.2502380952,14.67804761904,3.293657142848,10.32,1.625,1.625,0.325,0.52,0.0,0.0,0.5953947,0.5953947,0.11907894,0.190526304,0.0,2,225,223,180.4,71.36,2,5,0.447213595499958,0.341995189335339,0.275945932292243,0.251699790128365,0.234923788617604,1.2,0.6,7.4,2.8,0.1,0.05,0.616666666666667,0.233333333333333,0.035456165723185,0.006241709965576,13.3816113591719,20.8,5,0.2,0.2,39.2,9.72995375117477,90.9434324,25.6685233112665,2.096,0.071139299968442,0.050714503050531,1.29,0.065421708935185,0.4,1.29,0.065421708935185,0.38,0.336,0.101216,0.101216,192297.732059839,1454.504,272.864361565962,0.8,0.0,0.8,164.110238,29.174609009107712,1.4650050444492044,0.067
Valid,MMG,382.0,,,10.0,,,,,,,,13,59,46,48.28,14.5792,59,17,73,56,32.67,21.3112,17,26.9815386,140.90765,113.9261114,113.592409702,37.14872680528,140.90765,933.47,1357.77,424.3,1223.5054,67.1323,1204.0,3,13,10,5.7,3.672,3,3,6,3,5.29,0.9656,6,121,203,82,179.51,31.9464,203,1.13,1.9,0.77,1.3561,0.307496,1.13,1,1,1.75,0.375,2,1,1,0.07,0.1302,0,0,10,10,2.5,3.75,0,3,3,2.04,1.3056,3,3,11,8,6.36,2.32,5,1,1,0.25,0.375,0,5,5,0.35,0.651,0,0,0,0,0.0,0.0,0,11,11,7.48,4.7872,11,1,11,10,8.08,3.9712,11,11.07,35.675,24.605,28.1801,10.193064,35.675,0.0,0.0,0.0,0.0,0.0,0.0,0.0,0.0,0.0,0.0,0.0,194,225,31,203.92,13.4912,194,3,0.727873615403114,0.691321419284694,0.680912589565434,0.68008816946443,0.680003067696156,1.75,0.07,2.5,2.04,0.275157232704402,0.011006289308176,0.393081761006289,0.320754716981132,0.137762910230166,0.026448083075216,6.60976730300997,12.32,3,0.68,0.07,48.28,9.08127702033145,113.592409702,23.2013844787987,1.3561,0.206018270204368,0.085580336029327,1.683,0.144031705537357,0.6,1.683,0.144031705537357,0.77,0.635292,0.45292716,0.45292716,17894.8521325646,1226.2254,40.682306982414,0.333333333333333,0.333333333333333,1.0,113.9261114,8.028989527450186,0.9046608914472767,10.0
Valid,MMG,,,,4000.0,,,,,,,,15,78,63,53.972,27.6322,78,61,83,22,67.541,6.95655,63,30.973762,195.084,164.110238,131.59440865,73.0130300525,195.084,317.3,2041.4,1724.1,1536.37369,601.09264536,2041.4,10,15,5,11.272,1.6776,10,3,6,3,4.925,1.23625,6,107,136,29,128.251,10.013556,136,1.9,2.28,0.38,2.18428,0.112652,2.28,1,1,1.278,0.401432,1,3,3,0.675,1.04625,0,0,10,10,7.069,3.18105,9,14,14,8.05,6.8425,14,5,24,19,17.072,7.9672,24,1,1,0.722,0.401432,1,3,3,0.675,1.04625,0,0,2,2,0.681,0.506664,1,0,0,0.0,0.0,0,1,3,2,2.078,0.4149,2,10.32,22.5702380952,12.2502380952,15.88905357142,3.006533035701,15.02,1.625,1.625,0.365625,0.56671875,0.0,0.0,0.5953947,0.5953947,0.0315559191,0.0597669107754,0.0,2,225,223,174.825,77.77125,225,4,0.636920717201128,0.589469407108467,0.576176572950955,0.575121182103576,0.575004908045488,1.278,0.675,7.069,8.05,0.074859418931584,0.039538425492034,0.414069821930647,0.471532333645736,0.035456165723185,0.005203803552036,9.07399587349257,17.022,4,0.575,0.053,53.972,16.8269101304937,131.59440865,44.2749377129576,2.18428,0.070630032568952,0.060558222402674,1.27125,0.076984640229399,0.35,1.27125,0.076984640229399,0.38,0.27219064,0.0845707264,0.0845707264,164844.847815304,1536.37369,400.443201173973,0.75,0.0,0.75,164.110238,229.50975912389023,2.3608011571654024,4000.0
Valid,MMG,761.0,811.0,1295.0,16.6,2.0,,,,0.394455252918288,0.587644787644788,50.0,13,40,27,31.35,9.515,40,44,73,29,53.3,10.23,44,26.9815386,91.224,64.2424614,70.30280647,23.013312883,91.224,933.47,2128.0,1194.53,1799.094,361.7966,2128.0,4,13,9,7.05,3.355,4,3,5,2,4.35,0.715,5,121,175,54,151.95,25.355,175,1.33,1.88,0.55,1.5235,0.21285,1.33,2,0,2.0,0.0,2,1,1,0.2,0.32,0,0,7,7,2.85,2.075,2,0,0,0.0,0.0,0,3,9,6,5.05,1.975,4,0,0,0.0,0.0,0,5,5,1.0,1.6,0,0,8,8,5.15,3.135,8,0,0,0.0,0.0,0,3,8,5,6.15,2.035,8,10.245,23.195,12.95,18.6145,5.03855,23.195,0.0,0.0,0.0,0.0,0.0,0.0,1.5484712,1.5484712,0.3871178,0.5806767,0.0,194,225,31,200.2,9.91999999999999,194,3,0.636396103067893,0.574889707894483,0.552805064217633,0.550380266539205,0.550022927083183,2.0,0.2,2.85,0.0,0.396039603960396,0.03960396039604,0.564356435643564,0.0,0.072836172188247,0.013052978694362,8.29177679964868,13.05,3,0.55,0.2,31.35,6.10617412951842,70.30280647,14.6816786001621,1.5235,0.139888656616611,0.052016160386538,1.44,0.074903270956615,0.3,1.44,0.074903270956615,0.55,0.4797,0.215451,0.215451,69239.343932114,1799.094,250.51311067523,0.666666666666667,0.0,1.0,64.2424614,112.05616947481992,2.049435772474027,16.6
Valid,MMG,665.0,840.0,1245.0,16.5,2.5,,,,0.43979057591623,0.534136546184739,175.0,13,40,27,34.0,7.2,40,44,73,29,52.9,10.68,44,26.9815386,91.224,64.2424614,76.49635386,17.673175368,91.224,933.47,2128.0,1194.53,1777.478,420.6264,2128.0,4,13,9,7.0,3.6,4,3,5,2,4.5,0.6,5,121,175,54,156.7,21.96,175,1.33,1.9,0.57,1.529,0.2388,1.33,1,1,1.7,0.42,2,1,1,0.1,0.18,0,0,10,10,4.2,3.48,2,0,0,0.0,0.0,0,3,11,8,6.0,3.0,4,1,1,0.3,0.42,0,5,5,0.5,0.9,0,0,8,8,4.8,3.84,8,0,0,0.0,0.0,0,1,8,7,5.6,2.88,8,11.07,23.195,12.125,18.886,5.1708,23.195,0.0,0.0,0.0,0.0,0.0,0.0,0.0,0.0,0.0,0.0,0.0,194,225,31,206.4,14.88,194,3,0.678232998312527,0.624879976952624,0.603719041214299,0.600667715689084,0.600058569008127,1.7,0.1,4.2,0.0,0.283333333333333,0.016666666666667,0.7,0.0,0.07801377879469,0.015831195778858,7.46593616245221,14.0,3,0.6,0.1,34.0,4.42944691807002,76.49635386,10.8488018259285,1.529,0.163430902830523,0.045670090625122,1.46,0.066678332312679,0.3,1.46,0.066678332312679,0.57,0.5124,0.262836,0.262836,50489.8007811439,1777.478,259.247120733558,0.666666666666667,0.0,1.0,64.2424614,3.6239275226877363,0.5591795033503779,16.5
Valid,MMG,655.0,720.0,1126.0,10.0,,,,,0.404267265581134,0.581705150976909,65.0,4,41,37,29.39,11.871,40,44,67,23,53.18,9.498,44,9.012182,92.90638,83.894198,66.22656604,27.833653356,91.224,1357.77,2750.0,1392.23,1931.7501,340.27489,2128.0,2,11,9,5.01,2.2354,4,2,5,3,4.11,0.979,5,96,175,79,146.47,29.183,175,1.33,1.91,0.58,1.5355,0.18495,1.33,1,1,1.77,0.3542,2,0,0,0.0,0.0,0,0,10,10,3.24,2.5416,2,0,0,0.0,0.0,0,2,11,9,5.01,2.2354,4,1,1,0.23,0.3542,0,0,0,0.0,0.0,0,0,8,8,4.56,3.384,8,0,0,0.0,0.0,0,0,8,8,4.79,3.331,8,7.89,23.195,15.305,16.49545,6.366505,23.195,0.0,0.0,0.0,0.0,0.0,0.0,2.1106628,2.1106628,0.180760918,0.3253696524,0.0,194,229,35,204.95,14.673,194,6,0.533479146733966,0.472502122924684,0.452726212332894,0.450440706271059,0.45003528494146,1.77,0.0,3.24,0.0,0.353293413173653,0.0,0.646706586826347,0.0,0.080660682433482,0.011349495105238,12.2074813669031,11.69,6,0.45,0.02,29.39,7.44458364584615,66.22656604,17.115059459369,1.5355,0.107272308402495,0.075246504740611,1.388,0.104442148579967,0.5,1.388,0.104442148579967,0.58,0.463548,0.186787,0.186787,126249.70341157,1931.7501,163.892916988015,0.833333333333333,0.0,1.0,83.894198,3.534109803132597,0.5482800387060509,10.0
Valid,MMG,775.0,,1337.0,10.0,12.0,,,,,0.579655946148093,,13,72,59,39.55,16.495,40,44,73,29,54.15,10.665,44,26.9815386,178.49,151.5084614,92.32596722,43.08201639,91.224,933.47,2506.0,1572.53,1869.0825,473.80925,2128.0,4,13,9,7.25,3.575,4,3,6,3,4.6,0.94,5,121,175,54,152.05,25.245,175,1.3,1.91,0.61,1.52,0.224,1.33,1,1,1.95,0.095,2,1,1,0.2,0.32,0,0,10,10,3.1,2.45,2,14,14,3.5,5.25,0,3,18,15,8.75,5.15,4,1,1,0.05,0.095,0,5,5,1.0,1.6,0,0,8,8,4.9,3.41,8,0,0,0.0,0.0,0,1,8,7,5.95,2.255,8,10.245,23.195,12.95,18.4145,4.76105,23.195,0.0,0.0,0.0,0.0,0.0,0.0,1.5484712,1.5484712,0.21438659,0.343018544,0.0,194,225,31,204.85,14.105,194,6,0.463680924774785,0.37503703337966,0.32714014433488,0.312759754151693,0.304977817044928,1.95,0.2,3.1,3.5,0.222857142857143,0.022857142857143,0.354285714285714,0.4,0.088829279256621,0.014473683343231,13.6353582313949,13.25,6,0.3,0.05,39.55,9.85973059976793,92.32596722,25.6798185820751,1.52,0.098873656754466,0.040916275362088,1.44,0.058919436521406,0.3,1.44,0.058919436521406,0.61,0.516,0.23976,0.23976,106296.335716653,1869.0825,259.532442961316,0.833333333333333,0.0,1.0,151.5084614,49.48840798115397,1.6945034829863252,10.0
Valid,MMG,623.0,705.0,,8.0,50.0,,,,,,82.0,4,40,36,26.841,11.614566,40,43,67,24,53.237,10.4367,44,9.012182,91.224,82.211818,60.03026495,26.5825714437,91.224,1357.77,2128.0,770.23,1838.11525,267.261225,2128.0,2,11,9,5.025,2.48875,4,2,5,3,3.962,0.8829,5,96,175,79,144.68,29.212,175,1.33,1.91,0.58,1.54223,0.175493,1.33,1,1,1.875,0.21875,2,0,0,0.0,0.0,0,0,10,10,3.15,2.6825,2,0,0,0.0,0.0,0,2,11,9,5.025,2.48875,4,1,1,0.125,0.21875,0,0,0,0.0,0.0,0,0,8,8,4.6,3.74,8,0,0,0.0,0.0,0,0,8,8,4.725,3.6025,8,7.89,23.195,15.305,16.05056,6.063504,23.195,0.0,0.0,0.0,0.0,0.0,0.0,0.5953947,0.5953947,0.0595425796,0.10717042408,0.0,194,225,31,200.975,10.81125,194,5,0.514818414589067,0.442945713665783,0.416530611839758,0.412891580024794,0.412098147382732,1.875,0.0,3.15,0.0,0.373134328358209,0.0,0.626865671641791,0.0,0.080660682433482,0.011707511753999,12.1761465776621,11.675,5,0.412,0.1,26.841,7.50579438911552,60.03026495,17.3195477125879,1.54223,0.105058126829247,0.075264328317108,1.3718,0.103247605585408,0.5,1.3718,0.103247605585408,0.58,0.46697004,0.1930269084,0.1930269084,115948.397537097,1838.11525,148.68723381607,0.8,0.0,1.0,82.211818,3.4528278068960554,0.5381749205505715,8.0
Valid,MMG,671.0,729.0,,1.2,16.0,,,,,,58.0,13,40,27,32.58,7.5484,40,12,73,61,53.12,10.752,44,26.9815386,91.224,64.2424614,72.84604426,18.6991518548,91.224,933.47,2128.0,1194.53,1766.8495,376.65458,2128.0,3,13,10,7.2,3.54,4,3,5,2,4.41,0.6018,5,121,190,69,153.42,22.838,175,1.22,1.91,0.69,1.5644,0.24324,1.33,1,1,1.75,0.375,2,1,1,0.1,0.18,0,0,10,10,4.35,3.475,2,0,0,0.0,0.0,0,3,11,8,6.2,3.08,4,1,1,0.25,0.375,0,5,5,0.5,0.9,0,0,9,9,4.65,3.705,8,0,0,0.0,0.0,0,1,9,8,5.4,2.88,8,10.245,32.365,22.12,18.03885,5.442673,23.195,0.0,0.0,0.0,0.0,0.0,0.0,2.1106628,2.1106628,0.093754582333333,0.168756445533333,0.0,194,229,35,207.37,15.2418,194,8,0.574108003776293,0.521761775788433,0.503123448537379,0.500557160773422,0.500048811941131,1.75,0.1,4.35,0.0,0.282258064516129,0.016129032258065,0.701612903225806,0.0,0.112214394155631,0.016418011324726,11.7121909583236,14.2,8,0.5,0.01,32.58,4.32454361060216,72.84604426,10.6296953383319,1.5644,0.146426793504468,0.042005726947802,1.447,0.060782286893469,0.55,1.447,0.060782286893469,0.69,0.548664,0.27241856,0.27241856,75962.8078885027,1766.8495,223.758758267464,0.875,0.0,1.0,64.2424614,3.645675524072488,0.5617780125428447,1.2
Violation: Tx >= Tl,MMG,618.0,701.0,,1.5,,618.0,701,NAN,,,83.0,4,40,36,26.841,11.614566,40,43,67,24,53.237,10.4367,44,9.012182,91.224,82.211818,60.03026495,26.5825714437,91.224,1357.77,2128.0,770.23,1838.11525,267.261225,2128.0,2,11,9,5.025,2.48875,4,2,5,3,3.962,0.8829,5,96,175,79,144.68,29.212,175,1.33,1.91,0.58,1.54223,0.175493,1.33,1,1,1.875,0.21875,2,0,0,0.0,0.0,0,0,10,10,3.15,2.6825,2,0,0,0.0,0.0,0,2,11,9,5.025,2.48875,4,1,1,0.125,0.21875,0,0,0,0.0,0.0,0,0,8,8,4.6,3.74,8,0,0,0.0,0.0,0,0,8,8,4.725,3.6025,8,7.89,23.195,15.305,16.05056,6.063504,23.195,0.0,0.0,0.0,0.0,0.0,0.0,0.5953947,0.5953947,0.0595425796,0.10717042408,0.0,194,225,31,200.975,10.81125,194,5,0.514818414589067,0.442945713665783,0.416530611839758,0.412891580024794,0.412098147382732,1.875,0.0,3.15,0.0,0.373134328358209,0.0,0.626865671641791,0.0,0.080660682433482,0.011707511753999,12.1761465776621,11.675,5,0.412,0.1,26.841,7.50579438911552,60.03026495,17.3195477125879,1.54223,0.105058126829247,0.075264328317108,1.3718,0.103247605585408,0.5,1.3718,0.103247605585408,0.58,0.46697004,0.1930269084,0.1930269084,115948.397537097,1838.11525,148.68723381607,0.8,0.0,1.0,82.211818,3.4528278068960554,0.5381749205505715,1.5
